id,score,poi,address,position,viewport
826009030773633,2.5744285583,"{'name': 'Fit2Function Clinics', 'phone': '+44 20 7117 2076', 'categorySet': [{'id': 7321}], 'categories': ['hospital/polyclinic'], 'classifications': [{'code': 'HOSPITAL_POLYCLINIC', 'names': [{'nameLocale': 'en-US', 'name': 'hospital/polyclinic'}]}]}","{'streetName': 'Jubilee Market The Piazza', 'municipalitySubdivision': 'Strand', 'municipality': 'London', 'countrySecondarySubdivision': 'London', 'countrySubdivision': 'ENG', 'countrySubdivisionName': 'England', 'postalCode': 'WC2E', 'extendedPostalCode': 'WC2E 7', 'countryCode': 'GB', 'country': 'United Kingdom', 'countryCodeISO3': 'GBR', 'freeformAddress': 'Jubilee Market The Piazza, Strand, London, WC2E 7', 'localName': 'London'}","{'lat': 51.51162, 'lon': -0.12182000000000001}","{'topLeftPoint': {'lat': 51.51252, 'lon': -0.12327}, 'btmRightPoint': {'lat': 51.51072, 'lon': -0.12037}}"
826009028832094,2.5743136406,"{'name': 'General Healthcare B M I', 'phone': '+44 20 3283 6600', 'categorySet': [{'id': 7321002}], 'url': 'www.bmihealthcare.co.uk', 'categories': ['general', 'hospital/polyclinic'], 'classifications': [{'code': 'HOSPITAL_POLYCLINIC', 'names': [{'nameLocale': 'en-US', 'name': 'general'}, {'nameLocale': 'en-US', 'name': 'hospital/polyclinic'}]}]}","{'streetNumber': '3', 'streetName': 'Paris Garden', 'municipalitySubdivision': 'Waterloo', 'municipality': 'London', 'countrySecondarySubdivision': 'London', 'countrySubdivision': 'ENG', 'countrySubdivisionName': 'England', 'postalCode': 'SE1', 'extendedPostalCode': 'SE1 8ND', 'countryCode': 'GB', 'country': 'United Kingdom', 'countryCodeISO3': 'GBR', 'freeformAddress': '3 Paris Garden, Waterloo, London, SE1 8ND', 'localName': 'London'}","{'lat': 51.50664, 'lon': -0.10636000000000001}","{'topLeftPoint': {'lat': 51.50754, 'lon': -0.1078}, 'btmRightPoint': {'lat': 51.50574, 'lon': -0.10492000000000001}}"
826009029391797,2.5742964745,"{'name': 'Nuffield Health Covent Garden', 'phone': '+44 20 3773 8785', 'categorySet': [{'id': 7321003}], 'url': 'www.nuffieldhealth.com/health-assessments', 'categories': ['hospital/polyclinic', 'special'], 'classifications': [{'code': 'HOSPITAL_POLYCLINIC', 'names': [{'nameLocale': 'en-US', 'name': 'hospital/polyclinic'}, {'nameLocale': 'en-US', 'name': 'special'}]}]}","{'streetName': 'Odhams Walk', 'municipalitySubdivision': 'Covent Garden', 'municipality': 'London', 'countrySecondarySubdivision': 'London', 'countrySubdivision': 'ENG', 'countrySubdivisionName': 'England', 'postalCode': 'WC2H', 'extendedPostalCode': 'WC2H 9SA', 'countryCode': 'GB', 'country': 'United Kingdom', 'countryCodeISO3': 'GBR', 'freeformAddress': 'Odhams Walk, Covent Garden, London, WC2H 9SA', 'localName': 'London'}","{'lat': 51.51389, 'lon': -0.12393000000000001}","{'topLeftPoint': {'lat': 51.51479, 'lon': -0.12538000000000002}, 'btmRightPoint': {'lat': 51.51299, 'lon': -0.12248}}"
826009030528266,2.5742835999,"{'name': ""Saint Thomas' Hospital"", 'phone': '+44 20 7188 7188', 'categorySet': [{'id': 7321002}], 'url': 'www.guysandstthomas.nhs.uk', 'categories': ['general', 'hospital/polyclinic'], 'classifications': [{'code': 'HOSPITAL_POLYCLINIC', 'names': [{'nameLocale': 'en-US', 'name': 'general'}, {'nameLocale': 'en-US', 'name': 'hospital/polyclinic'}]}]}","{'streetName': 'Westminster Bridge Road', 'municipalitySubdivision': 'Waterloo', 'municipality': 'London', 'countrySecondarySubdivision': 'London', 'countrySubdivision': 'ENG', 'countrySubdivisionName': 'England', 'postalCode': 'SE1', 'extendedPostalCode': 'SE1 7FR', 'countryCode': 'GB', 'country': 'United Kingdom', 'countryCodeISO3': 'GBR', 'freeformAddress': 'Westminster Bridge Road, Waterloo, London, SE1 7FR', 'localName': 'London'}","{'lat': 51.49938, 'lon': -0.11793000000000001}","{'topLeftPoint': {'lat': 51.49989, 'lon': -0.12046000000000001}, 'btmRightPoint': {'lat': 51.49756, 'lon': -0.11739000000000001}}"
826009029204392,2.5736577511,"{'name': 'Medico Legal UK', 'phone': '+44 800 061 4876', 'categorySet': [{'id': 7321002}], 'url': 'www.medicolegal-report.co.uk', 'categories': ['general', 'hospital/polyclinic'], 'classifications': [{'code': 'HOSPITAL_POLYCLINIC', 'names': [{'nameLocale': 'en-US', 'name': 'general'}, {'nameLocale': 'en-US', 'name': 'hospital/polyclinic'}]}]}","{'streetName': 'Hatton Garden', 'municipalitySubdivision': 'Clerkenwell', 'municipality': 'London', 'countrySecondarySubdivision': 'London', 'countrySubdivision': 'ENG', 'countrySubdivisionName': 'England', 'postalCode': 'EC1N', 'extendedPostalCode': 'EC1N 8JY', 'countryCode': 'GB', 'country': 'United Kingdom', 'countryCodeISO3': 'GBR', 'freeformAddress': 'Hatton Garden, Clerkenwell, London, EC1N 8JY', 'localName': 'London'}","{'lat': 51.52086, 'lon': -0.10907000000000001}","{'topLeftPoint': {'lat': 51.52176, 'lon': -0.11052000000000001}, 'btmRightPoint': {'lat': 51.51996, 'lon': -0.10762000000000001}}"
826009006278475,2.5735976696,"{'name': ""Saint Bartholomew's Hospital"", 'phone': '+44 20 7377 7000', 'categorySet': [{'id': 7321002}], 'url': 'www.bartsandthelondon.nhs.uk', 'categories': ['general', 'hospital/polyclinic'], 'classifications': [{'code': 'HOSPITAL_POLYCLINIC', 'names': [{'nameLocale': 'en-US', 'name': 'general'}, {'nameLocale': 'en-US', 'name': 'hospital/polyclinic'}]}]}","{'streetName': 'West Smithfield', 'municipalitySubdivision': 'Barbican', 'municipality': 'London', 'countrySecondarySubdivision': 'London', 'countrySubdivision': 'ENG', 'countrySubdivisionName': 'England', 'postalCode': 'EC1A', 'extendedPostalCode': 'EC1A 7BE', 'countryCode': 'GB', 'country': 'United Kingdom', 'countryCodeISO3': 'GBR', 'freeformAddress': 'West Smithfield, Barbican, London, EC1A 7BE', 'localName': 'London'}","{'lat': 51.51759, 'lon': -0.10011}","{'topLeftPoint': {'lat': 51.51935, 'lon': -0.10165}, 'btmRightPoint': {'lat': 51.51661, 'lon': -0.09784000000000001}}"
826001000009213,2.5735867023,"{'name': 'Great Ormond Street Hospital', 'phone': '+44 20 7405 9200', 'categorySet': [{'id': 7321002}], 'url': 'www.gosh.nhs.uk', 'categories': ['general', 'hospital/polyclinic'], 'classifications': [{'code': 'HOSPITAL_POLYCLINIC', 'names': [{'nameLocale': 'en-US', 'name': 'general'}, {'nameLocale': 'en-US', 'name': 'hospital/polyclinic'}]}]}","{'streetName': 'Great Ormond Street', 'municipalitySubdivision': 'Bloomsbury', 'municipality': 'London', 'countrySecondarySubdivision': 'London', 'countrySubdivision': 'ENG', 'countrySubdivisionName': 'England', 'postalCode': 'WC1N', 'extendedPostalCode': 'WC1N 3JH', 'countryCode': 'GB', 'country': 'United Kingdom', 'countryCodeISO3': 'GBR', 'freeformAddress': 'Great Ormond Street, Bloomsbury, London, WC1N 3JH', 'localName': 'London'}","{'lat': 51.5225, 'lon': -0.1203}","{'topLeftPoint': {'lat': 51.52353, 'lon': -0.12203000000000001}, 'btmRightPoint': {'lat': 51.52167, 'lon': -0.11877000000000001}}"
826009005651853,2.5735611916,"{'name': 'National Hospital for Neurology & Neurosurgery', 'phone': '+44 845 155 5000', 'categorySet': [{'id': 7321002}], 'url': 'www.uclh.nhs.uk/OurServices/OurHospitals/NHNN', 'categories': ['general', 'hospital/polyclinic'], 'classifications': [{'code': 'HOSPITAL_POLYCLINIC', 'names': [{'nameLocale': 'en-US', 'name': 'general'}, {'nameLocale': 'en-US', 'name': 'hospital/polyclinic'}]}]}","{'streetName': 'Queen Square', 'municipalitySubdivision': 'Bloomsbury', 'municipality': 'London', 'countrySecondarySubdivision': 'London', 'countrySubdivision': 'ENG', 'countrySubdivisionName': 'England', 'postalCode': 'WC1N', 'extendedPostalCode': 'WC1N 3BB', 'countryCode': 'GB', 'country': 'United Kingdom', 'countryCodeISO3': 'GBR', 'freeformAddress': 'Queen Square, Bloomsbury, London, WC1N 3BB', 'localName': 'London'}","{'lat': 51.52248, 'lon': -0.12288000000000002}","{'topLeftPoint': {'lat': 51.52295, 'lon': -0.12332000000000001}, 'btmRightPoint': {'lat': 51.52137, 'lon': -0.12086000000000001}}"
826009003143363,2.5731837749,"{'name': 'University College Hospital Macmillan Cancer Centre', 'phone': '+44 20 3456 7016', 'categorySet': [{'id': 7321003}], 'url': 'www.uclh.nhs.uk', 'categories': ['hospital/polyclinic', 'special'], 'classifications': [{'code': 'HOSPITAL_POLYCLINIC', 'names': [{'nameLocale': 'en-US', 'name': 'hospital/polyclinic'}, {'nameLocale': 'en-US', 'name': 'special'}]}]}","{'streetName': 'Huntley Street', 'municipalitySubdivision': 'Bloomsbury', 'municipality': 'London', 'countrySecondarySubdivision': 'London', 'countrySubdivision': 'ENG', 'countrySubdivisionName': 'England', 'postalCode': 'WC1E', 'extendedPostalCode': 'WC1E 6DD', 'countryCode': 'GB', 'country': 'United Kingdom', 'countryCodeISO3': 'GBR', 'freeformAddress': 'Huntley Street, Bloomsbury, London, WC1E 6DD', 'localName': 'London'}","{'lat': 51.52252, 'lon': -0.13436}","{'topLeftPoint': {'lat': 51.52342, 'lon': -0.13581000000000001}, 'btmRightPoint': {'lat': 51.52162, 'lon': -0.13291}}"
826009003121081,2.5731425285,"{'name': 'The Eastman Dental Hospital', 'phone': '+44 20 3456 7899', 'categorySet': [{'id': 7321003}], 'url': 'www.uclh.nhs.uk', 'categories': ['hospital/polyclinic', 'special'], 'classifications': [{'code': 'HOSPITAL_POLYCLINIC', 'names': [{'nameLocale': 'en-US', 'name': 'hospital/polyclinic'}, {'nameLocale': 'en-US', 'name': 'special'}]}]}","{'streetNumber': '256', 'streetName': ""Gray's Inn Road"", 'municipalitySubdivision': 'Grays Inn', 'municipality': 'London', 'countrySecondarySubdivision': 'London', 'countrySubdivision': 'ENG', 'countrySubdivisionName': 'England', 'postalCode': 'WC1X', 'extendedPostalCode': 'WC1X 8JX', 'countryCode': 'GB', 'country': 'United Kingdom', 'countryCodeISO3': 'GBR', 'freeformAddress': ""256 Gray's Inn Road, Grays Inn, London, WC1X 8JX"", 'localName': 'London'}","{'lat': 51.52583, 'lon': -0.11702000000000001}","{'topLeftPoint': {'lat': 51.52675, 'lon': -0.11798000000000002}, 'btmRightPoint': {'lat': 51.5248, 'lon': -0.11532}}"
826009003083425,2.5731241703,"{'name': 'The Gordon Hospital', 'phone': '+44 20 3315 8733', 'categorySet': [{'id': 7321003}], 'url': 'www.cnwl.nhs.uk/services/acute/', 'categories': ['hospital/polyclinic', 'special'], 'classifications': [{'code': 'HOSPITAL_POLYCLINIC', 'names': [{'nameLocale': 'en-US', 'name': 'hospital/polyclinic'}, {'nameLocale': 'en-US', 'name': 'special'}]}]}","{'streetName': 'Bloomburg Street', 'municipalitySubdivision': 'Pimlico', 'municipality': 'London', 'countrySecondarySubdivision': 'London', 'countrySubdivision': 'ENG', 'countrySubdivisionName': 'England', 'postalCode': 'SW1V', 'extendedPostalCode': 'SW1V 2RH', 'countryCode': 'GB', 'country': 'United Kingdom', 'countryCodeISO3': 'GBR', 'freeformAddress': 'Bloomburg Street, Pimlico, London, SW1V 2RH', 'localName': 'London'}","{'lat': 51.49215, 'lon': -0.1361}","{'topLeftPoint': {'lat': 51.49251, 'lon': -0.13643000000000002}, 'btmRightPoint': {'lat': 51.49161, 'lon': -0.13504000000000002}}"
826009003008780,2.5730583667999998,"{'name': 'Hospital For Tropical Diseases', 'phone': '+44 20 3456 7891', 'categorySet': [{'id': 7321003}], 'url': 'www.thehtd.org', 'categories': ['hospital/polyclinic', 'special'], 'classifications': [{'code': 'HOSPITAL_POLYCLINIC', 'names': [{'nameLocale': 'en-US', 'name': 'hospital/polyclinic'}, {'nameLocale': 'en-US', 'name': 'special'}]}]}","{'streetName': 'Capper Street', 'municipalitySubdivision': 'Bloomsbury', 'municipality': 'London', 'countrySecondarySubdivision': 'London', 'countrySubdivision': 'ENG', 'countrySubdivisionName': 'England', 'postalCode': 'WC1E', 'extendedPostalCode': 'WC1E 6JA', 'countryCode': 'GB', 'country': 'United Kingdom', 'countryCodeISO3': 'GBR', 'freeformAddress': 'Capper Street, Bloomsbury, London, WC1E 6JA', 'localName': 'London'}","{'lat': 51.52313, 'lon': -0.13532000000000002}","{'topLeftPoint': {'lat': 51.52403, 'lon': -0.13677}, 'btmRightPoint': {'lat': 51.52223, 'lon': -0.13387000000000002}}"
826009002979685,2.5730085373,"{'name': ""Guy's Hospital"", 'phone': '+44 20 7188 7188', 'categorySet': [{'id': 7321002}], 'url': 'www.guysandstthomas.nhs.uk', 'categories': ['general', 'hospital/polyclinic'], 'classifications': [{'code': 'HOSPITAL_POLYCLINIC', 'names': [{'nameLocale': 'en-US', 'name': 'general'}, {'nameLocale': 'en-US', 'name': 'hospital/polyclinic'}]}]}","{'streetName': 'Great Maze Pond', 'municipalitySubdivision': 'South Bank', 'municipality': 'London', 'countrySecondarySubdivision': 'London', 'countrySubdivision': 'ENG', 'countrySubdivisionName': 'England', 'postalCode': 'SE1', 'extendedPostalCode': 'SE1 9TN', 'countryCode': 'GB', 'country': 'United Kingdom', 'countryCodeISO3': 'GBR', 'freeformAddress': 'Great Maze Pond, South Bank, London, SE1 9TN', 'localName': 'London'}","{'lat': 51.50338, 'lon': -0.08733}","{'topLeftPoint': {'lat': 51.50468, 'lon': -0.09175000000000001}, 'btmRightPoint': {'lat': 51.50216, 'lon': -0.08531000000000001}}"
826009029284884,2.5729238987,"{'name': 'S P A Blaney', 'phone': '+44 20 7378 6773', 'categorySet': [{'id': 7321002}], 'categories': ['general', 'hospital/polyclinic'], 'classifications': [{'code': 'HOSPITAL_POLYCLINIC', 'names': [{'nameLocale': 'en-US', 'name': 'general'}, {'nameLocale': 'en-US', 'name': 'hospital/polyclinic'}]}]}","{'streetNumber': '27', 'streetName': 'Tooley Street', 'municipalitySubdivision': 'Bermondsey', 'municipality': 'London', 'countrySecondarySubdivision': 'London', 'countrySubdivision': 'ENG', 'countrySubdivisionName': 'England', 'postalCode': 'SE1', 'extendedPostalCode': 'SE1 2PR', 'countryCode': 'GB', 'country': 'United Kingdom', 'countryCodeISO3': 'GBR', 'freeformAddress': '27 Tooley Street, Bermondsey, London, SE1 2PR', 'localName': 'London'}","{'lat': 51.50633, 'lon': -0.08589000000000001}","{'topLeftPoint': {'lat': 51.50723, 'lon': -0.08733}, 'btmRightPoint': {'lat': 51.50543, 'lon': -0.08445000000000001}}"
826009006228047,2.5729076861999998,"{'name': 'London Bridge Hospital', 'phone': '+44 330 134 7482', 'categorySet': [{'id': 7321002}], 'url': 'www.londonbridgehospital.com', 'categories': ['general', 'hospital/polyclinic'], 'classifications': [{'code': 'HOSPITAL_POLYCLINIC', 'names': [{'nameLocale': 'en-US', 'name': 'general'}, {'nameLocale': 'en-US', 'name': 'hospital/polyclinic'}]}]}","{'streetName': 'Tooley Street', 'municipalitySubdivision': 'Bermondsey', 'municipality': 'London', 'countrySecondarySubdivision': 'London', 'countrySubdivision': 'ENG', 'countrySubdivisionName': 'England', 'postalCode': 'SE1', 'extendedPostalCode': 'SE1 2PR', 'countryCode': 'GB', 'country': 'United Kingdom', 'countryCodeISO3': 'GBR', 'freeformAddress': 'Tooley Street, Bermondsey, London, SE1 2PR', 'localName': 'London'}","{'lat': 51.5063, 'lon': -0.08573}","{'topLeftPoint': {'lat': 51.50653, 'lon': -0.08644}, 'btmRightPoint': {'lat': 51.50536, 'lon': -0.08386}}"
826008000051325,2.5728824139,"{'name': 'Ahmad Aziz', 'phone': '+44 20 3918 5747', 'categorySet': [{'id': 7321002}], 'url': 'www.AhmadAziz.uk', 'categories': ['general', 'hospital/polyclinic'], 'classifications': [{'code': 'HOSPITAL_POLYCLINIC', 'names': [{'nameLocale': 'en-US', 'name': 'general'}, {'nameLocale': 'en-US', 'name': 'hospital/polyclinic'}]}]}","{'streetNumber': '22a', 'streetName': 'Harley Street', 'municipalitySubdivision': 'West End', 'municipality': 'London', 'countrySecondarySubdivision': 'London', 'countrySubdivision': 'ENG', 'countrySubdivisionName': 'England', 'postalCode': 'W1G', 'extendedPostalCode': 'W1G 9PQ', 'countryCode': 'GB', 'country': 'United Kingdom', 'countryCodeISO3': 'GBR', 'freeformAddress': '22a Harley Street, West End, London, W1G 9PQ', 'localName': 'London'}","{'lat': 51.51756, 'lon': -0.14618}","{'topLeftPoint': {'lat': 51.51846, 'lon': -0.14763}, 'btmRightPoint': {'lat': 51.51666, 'lon': -0.14473000000000003}}"
826009029223334,2.5728816986,"{'name': 'Ultralase', 'phone': '+44 20 7580 9010', 'categorySet': [{'id': 7321002}], 'url': 'www.ultralase.com', 'categories': ['general', 'hospital/polyclinic'], 'classifications': [{'code': 'HOSPITAL_POLYCLINIC', 'names': [{'nameLocale': 'en-US', 'name': 'general'}, {'nameLocale': 'en-US', 'name': 'hospital/polyclinic'}]}]}","{'streetNumber': '15', 'streetName': 'Harley Street', 'municipalitySubdivision': 'West End', 'municipality': 'London', 'countrySecondarySubdivision': 'London', 'countrySubdivision': 'ENG', 'countrySubdivisionName': 'England', 'postalCode': 'W1G', 'extendedPostalCode': 'W1G 9QQ', 'countryCode': 'GB', 'country': 'United Kingdom', 'countryCodeISO3': 'GBR', 'freeformAddress': '15 Harley Street, West End, London, W1G 9QQ', 'localName': 'London'}","{'lat': 51.51727, 'lon': -0.14646}","{'topLeftPoint': {'lat': 51.51817, 'lon': -0.14791}, 'btmRightPoint': {'lat': 51.51637, 'lon': -0.14501}}"
826009030530035,2.5728628635,"{'name': 'Lifeplus Clinics', 'phone': '+44 20 7412 8989', 'categorySet': [{'id': 7321}], 'categories': ['hospital/polyclinic'], 'classifications': [{'code': 'HOSPITAL_POLYCLINIC', 'names': [{'nameLocale': 'en-US', 'name': 'hospital/polyclinic'}]}]}","{'streetNumber': '19', 'streetName': 'Harley Street', 'municipalitySubdivision': 'West End', 'municipality': 'London', 'countrySecondarySubdivision': 'London', 'countrySubdivision': 'ENG', 'countrySubdivisionName': 'England', 'postalCode': 'W1G', 'extendedPostalCode': 'W1G 9QJ', 'countryCode': 'GB', 'country': 'United Kingdom', 'countryCodeISO3': 'GBR', 'freeformAddress': '19 Harley Street, West End, London, W1G 9QJ', 'localName': 'London'}","{'lat': 51.51747, 'lon': -0.14649}","{'topLeftPoint': {'lat': 51.51837, 'lon': -0.14794000000000002}, 'btmRightPoint': {'lat': 51.51657, 'lon': -0.14504}}"
826009029027731,2.5728566647,"{'name': 'London Spine Centre', 'phone': '+44 844 589 3030', 'categorySet': [{'id': 7321002}], 'url': 'www.spineadvance.com', 'categories': ['general', 'hospital/polyclinic'], 'classifications': [{'code': 'HOSPITAL_POLYCLINIC', 'names': [{'nameLocale': 'en-US', 'name': 'general'}, {'nameLocale': 'en-US', 'name': 'hospital/polyclinic'}]}]}","{'streetNumber': '19', 'streetName': 'Harley Street', 'municipalitySubdivision': 'West End', 'municipality': 'London', 'countrySecondarySubdivision': 'London', 'countrySubdivision': 'ENG', 'countrySubdivisionName': 'England', 'postalCode': 'W1G', 'extendedPostalCode': 'W1G 9QJ', 'countryCode': 'GB', 'country': 'United Kingdom', 'countryCodeISO3': 'GBR', 'freeformAddress': '19 Harley Street, West End, London, W1G 9QJ', 'localName': 'London'}","{'lat': 51.51743, 'lon': -0.1466}","{'topLeftPoint': {'lat': 51.51833, 'lon': -0.14805000000000001}, 'btmRightPoint': {'lat': 51.51653, 'lon': -0.14515}}"
826009006206233,2.5728404522,"{'name': 'London Allergy & Immunology Centre', 'phone': '+44 20 3143 3449', 'categorySet': [{'id': 7321003}], 'url': 'www.UKallergy.com', 'categories': ['hospital/polyclinic', 'special'], 'classifications': [{'code': 'HOSPITAL_POLYCLINIC', 'names': [{'nameLocale': 'en-US', 'name': 'hospital/polyclinic'}, {'nameLocale': 'en-US', 'name': 'special'}]}]}","{'streetNumber': '27', 'streetName': 'Harley Street', 'municipalitySubdivision': 'West End', 'municipality': 'London', 'countrySecondarySubdivision': 'London', 'countrySubdivision': 'ENG', 'countrySubdivisionName': 'England', 'postalCode': 'W1G', 'extendedPostalCode': 'W1G 9QW', 'countryCode': 'GB', 'country': 'United Kingdom', 'countryCodeISO3': 'GBR', 'freeformAddress': '27 Harley Street, West End, London, W1G 9QW', 'localName': 'London'}","{'lat': 51.51771, 'lon': -0.14652}","{'topLeftPoint': {'lat': 51.51861, 'lon': -0.14797000000000002}, 'btmRightPoint': {'lat': 51.51681, 'lon': -0.14507}}"
826008000050335,2.5728383064,"{'name': ""Price's Back Clinic"", 'phone': '+44 7956 327652', 'categorySet': [{'id': 7321003}], 'url': 'pricesbackclinic.com/', 'categories': ['hospital/polyclinic', 'special'], 'classifications': [{'code': 'HOSPITAL_POLYCLINIC', 'names': [{'nameLocale': 'en-US', 'name': 'hospital/polyclinic'}, {'nameLocale': 'en-US', 'name': 'special'}]}]}","{'streetNumber': '20', 'streetName': 'Harley Street', 'municipalitySubdivision': 'West End', 'municipality': 'London', 'countrySecondarySubdivision': 'London', 'countrySubdivision': 'ENG', 'countrySubdivisionName': 'England', 'postalCode': 'W1G', 'extendedPostalCode': 'W1G 9PH', 'countryCode': 'GB', 'country': 'United Kingdom', 'countryCodeISO3': 'GBR', 'freeformAddress': '20 Harley Street, West End, London, W1G 9PH', 'localName': 'London'}","{'lat': 51.51793, 'lon': -0.14633000000000002}","{'topLeftPoint': {'lat': 51.51883, 'lon': -0.14778000000000002}, 'btmRightPoint': {'lat': 51.51703, 'lon': -0.14488}}"
826008000011710,2.5727992058,"{'name': 'Centre For Implant & Reconstructive Dentistry', 'categorySet': [{'id': 7321003}], 'categories': ['hospital/polyclinic', 'special'], 'classifications': [{'code': 'HOSPITAL_POLYCLINIC', 'names': [{'nameLocale': 'en-US', 'name': 'hospital/polyclinic'}, {'nameLocale': 'en-US', 'name': 'special'}]}]}","{'streetNumber': '33', 'streetName': 'Harley Street', 'municipalitySubdivision': 'West End', 'municipality': 'London', 'countrySecondarySubdivision': 'London', 'countrySubdivision': 'ENG', 'countrySubdivisionName': 'England', 'postalCode': 'W1G', 'extendedPostalCode': 'W1G 9QU', 'countryCode': 'GB', 'country': 'United Kingdom', 'countryCodeISO3': 'GBR', 'freeformAddress': '33 Harley Street, West End, London, W1G 9QU', 'localName': 'London'}","{'lat': 51.51802, 'lon': -0.14669000000000001}","{'topLeftPoint': {'lat': 51.51892, 'lon': -0.14814000000000002}, 'btmRightPoint': {'lat': 51.51712, 'lon': -0.14524}}"
826009030608832,2.5727548599,"{'name': 'University College Hospital', 'phone': '+44 845 155 5000', 'categorySet': [{'id': 7321002}], 'url': 'www.nhs.uk', 'categories': ['general', 'hospital/polyclinic'], 'classifications': [{'code': 'HOSPITAL_POLYCLINIC', 'names': [{'nameLocale': 'en-US', 'name': 'general'}, {'nameLocale': 'en-US', 'name': 'hospital/polyclinic'}]}]}","{'streetNumber': '235', 'streetName': 'Euston Road', 'municipalitySubdivision': 'Regents Park', 'municipality': 'London', 'countrySecondarySubdivision': 'London', 'countrySubdivision': 'ENG', 'countrySubdivisionName': 'England', 'postalCode': 'NW1', 'extendedPostalCode': 'NW1 2BU', 'countryCode': 'GB', 'country': 'United Kingdom', 'countryCodeISO3': 'GBR', 'freeformAddress': '235 Euston Road, Regents Park, London, NW1 2BU', 'localName': 'London'}","{'lat': 51.52503, 'lon': -0.13621}","{'topLeftPoint': {'lat': 51.52593, 'lon': -0.13766}, 'btmRightPoint': {'lat': 51.52413, 'lon': -0.13476000000000002}}"
826009029368476,2.5727529526,"{'name': 'Group Florence', 'phone': '+44 20 7637 7789', 'categorySet': [{'id': 7321002}], 'url': 'www.groupflorencenightingale.co.uk', 'categories': ['general', 'hospital/polyclinic'], 'classifications': [{'code': 'HOSPITAL_POLYCLINIC', 'names': [{'nameLocale': 'en-US', 'name': 'general'}, {'nameLocale': 'en-US', 'name': 'hospital/polyclinic'}]}]}","{'streetNumber': '42', 'streetName': 'Harley Street', 'municipalitySubdivision': 'West End', 'municipality': 'London', 'countrySecondarySubdivision': 'London', 'countrySubdivision': 'ENG', 'countrySubdivisionName': 'England', 'postalCode': 'W1G', 'extendedPostalCode': 'W1G 9PP', 'countryCode': 'GB', 'country': 'United Kingdom', 'countryCodeISO3': 'GBR', 'freeformAddress': '42 Harley Street, West End, London, W1G 9PP', 'localName': 'London'}","{'lat': 51.51869, 'lon': -0.14654}","{'topLeftPoint': {'lat': 51.51959, 'lon': -0.14799}, 'btmRightPoint': {'lat': 51.51779, 'lon': -0.14509000000000002}}"
826009028912155,2.5726923943,"{'name': 'Nuffield Health Assessment', 'phone': '+44 20 3642 7703', 'categorySet': [{'id': 7321003}], 'url': 'www.nuffieldhealth.com/health-assessments', 'categories': ['hospital/polyclinic', 'special'], 'classifications': [{'code': 'HOSPITAL_POLYCLINIC', 'names': [{'nameLocale': 'en-US', 'name': 'hospital/polyclinic'}, {'nameLocale': 'en-US', 'name': 'special'}]}]}","{'streetNumber': '1', 'streetName': 'Ropemaker Street', 'municipalitySubdivision': 'Moorgate', 'municipality': 'London', 'countrySecondarySubdivision': 'London', 'countrySubdivision': 'ENG', 'countrySubdivisionName': 'England', 'postalCode': 'EC2Y', 'extendedPostalCode': 'EC2Y 9HT', 'countryCode': 'GB', 'country': 'United Kingdom', 'countryCodeISO3': 'GBR', 'freeformAddress': '1 Ropemaker Street, Moorgate, London, EC2Y 9HT', 'localName': 'London'}","{'lat': 51.51935, 'lon': -0.08966}","{'topLeftPoint': {'lat': 51.52025, 'lon': -0.09111000000000001}, 'btmRightPoint': {'lat': 51.51845, 'lon': -0.08821000000000001}}"
826009003028230,2.5726902485,"{'name': 'MYA Cosmetic Surgery', 'phone': '+44 20 7388 4954', 'categorySet': [{'id': 7321002}], 'url': 'www.mya.co.uk', 'categories': ['general', 'hospital/polyclinic'], 'classifications': [{'code': 'HOSPITAL_POLYCLINIC', 'names': [{'nameLocale': 'en-US', 'name': 'general'}, {'nameLocale': 'en-US', 'name': 'hospital/polyclinic'}]}]}","{'streetNumber': '14', 'streetName': 'Fitzroy Square', 'municipalitySubdivision': 'West End', 'municipality': 'London', 'countrySecondarySubdivision': 'London', 'countrySubdivision': 'ENG', 'countrySubdivisionName': 'England', 'postalCode': 'W1T', 'extendedPostalCode': 'W1T 6ED', 'countryCode': 'GB', 'country': 'United Kingdom', 'countryCodeISO3': 'GBR', 'freeformAddress': '14 Fitzroy Square, West End, London, W1T 6ED', 'localName': 'London'}","{'lat': 51.52356, 'lon': -0.14045000000000002}","{'topLeftPoint': {'lat': 51.52395, 'lon': -0.14154}, 'btmRightPoint': {'lat': 51.5218, 'lon': -0.13857}}"
826009028837737,2.5726761818,"{'name': 'Nuffield Health Assessment', 'phone': '+44 20 7935 0894', 'categorySet': [{'id': 7321003}], 'url': 'www.nuffieldhealth.com/health-assessments', 'categories': ['hospital/polyclinic', 'special'], 'classifications': [{'code': 'HOSPITAL_POLYCLINIC', 'names': [{'nameLocale': 'en-US', 'name': 'hospital/polyclinic'}, {'nameLocale': 'en-US', 'name': 'special'}]}]}","{'streetNumber': '39-41', 'streetName': 'Queen Anne Street', 'municipalitySubdivision': 'West End', 'municipality': 'London', 'countrySecondarySubdivision': 'London', 'countrySubdivision': 'ENG', 'countrySubdivisionName': 'England', 'postalCode': 'W1G', 'extendedPostalCode': 'W1G 9AZ', 'countryCode': 'GB', 'country': 'United Kingdom', 'countryCodeISO3': 'GBR', 'freeformAddress': '39-41 Queen Anne Street, West End, London, W1G 9AZ', 'localName': 'London'}","{'lat': 51.51773, 'lon': -0.14832}","{'topLeftPoint': {'lat': 51.51863, 'lon': -0.14977000000000001}, 'btmRightPoint': {'lat': 51.51683, 'lon': -0.14687}}"
826009003138372,2.5726256371,"{'name': 'Royal National Throat, Nose & Ear Hospital', 'phone': '+44 20 3456 7890', 'categorySet': [{'id': 7321003}], 'url': 'www.uclh.nhs.uk', 'categories': ['hospital/polyclinic', 'special'], 'classifications': [{'code': 'HOSPITAL_POLYCLINIC', 'names': [{'nameLocale': 'en-US', 'name': 'hospital/polyclinic'}, {'nameLocale': 'en-US', 'name': 'special'}]}]}","{'streetNumber': '330', 'streetName': ""Gray's Inn Road"", 'municipalitySubdivision': 'Grays Inn', 'municipality': 'London', 'countrySecondarySubdivision': 'London', 'countrySubdivision': 'ENG', 'countrySubdivisionName': 'England', 'postalCode': 'WC1X', 'extendedPostalCode': 'WC1X 8BZ', 'countryCode': 'GB', 'country': 'United Kingdom', 'countryCodeISO3': 'GBR', 'freeformAddress': ""330 Gray's Inn Road, Grays Inn, London, WC1X 8BZ"", 'localName': 'London'}","{'lat': 51.52904, 'lon': -0.11927000000000001}","{'topLeftPoint': {'lat': 51.52962, 'lon': -0.12008}, 'btmRightPoint': {'lat': 51.52869, 'lon': -0.11829}}"
826008000052258,2.5726208687,"{'name': 'Focus Clinics', 'phone': '+44 20 7307 8250', 'categorySet': [{'id': 7321}], 'url': 'www.focusclinics.com', 'categories': ['hospital/polyclinic'], 'classifications': [{'code': 'HOSPITAL_POLYCLINIC', 'names': [{'nameLocale': 'en-US', 'name': 'hospital/polyclinic'}]}]}","{'streetNumber': '22', 'streetName': 'Wimpole Street', 'municipalitySubdivision': 'West End', 'municipality': 'London', 'countrySecondarySubdivision': 'London', 'countrySubdivision': 'ENG', 'countrySubdivisionName': 'England', 'postalCode': 'W1G', 'extendedPostalCode': 'W1G 8GQ', 'countryCode': 'GB', 'country': 'United Kingdom', 'countryCodeISO3': 'GBR', 'freeformAddress': '22 Wimpole Street, West End, London, W1G 8GQ', 'localName': 'London'}","{'lat': 51.51856, 'lon': -0.14814000000000002}","{'topLeftPoint': {'lat': 51.51946, 'lon': -0.14959}, 'btmRightPoint': {'lat': 51.51766, 'lon': -0.14669000000000001}}"
826009003085753,2.5725746154999998,"{'name': 'Royal National Orthopaedic Hospital', 'phone': '+44 20 8954 2300', 'categorySet': [{'id': 7321003}], 'url': 'www.rnoh.nhs.uk/', 'categories': ['hospital/polyclinic', 'special'], 'classifications': [{'code': 'HOSPITAL_POLYCLINIC', 'names': [{'nameLocale': 'en-US', 'name': 'hospital/polyclinic'}, {'nameLocale': 'en-US', 'name': 'special'}]}]}","{'streetNumber': '45', 'streetName': 'Bolsover Street', 'municipalitySubdivision': 'West End', 'municipality': 'London', 'countrySecondarySubdivision': 'London', 'countrySubdivision': 'ENG', 'countrySubdivisionName': 'England', 'postalCode': 'W1W', 'extendedPostalCode': 'W1W 5AQ', 'countryCode': 'GB', 'country': 'United Kingdom', 'countryCodeISO3': 'GBR', 'freeformAddress': '45 Bolsover Street, West End, London, W1W 5AQ', 'localName': 'London'}","{'lat': 51.52305, 'lon': -0.14294}","{'topLeftPoint': {'lat': 51.52395, 'lon': -0.14439000000000002}, 'btmRightPoint': {'lat': 51.52215, 'lon': -0.14149}}"
826009029349029,2.5725679398,"{'name': 'Ultrasound Medic', 'phone': '+44 20 7603 5101', 'categorySet': [{'id': 7321002}], 'url': 'www.4dbabyscanslondon.com', 'categories': ['general', 'hospital/polyclinic'], 'classifications': [{'code': 'HOSPITAL_POLYCLINIC', 'names': [{'nameLocale': 'en-US', 'name': 'general'}, {'nameLocale': 'en-US', 'name': 'hospital/polyclinic'}]}]}","{'streetNumber': '46', 'streetName': 'Wimpole Street', 'municipalitySubdivision': 'West End', 'municipality': 'London', 'countrySecondarySubdivision': 'London', 'countrySubdivision': 'ENG', 'countrySubdivisionName': 'England', 'postalCode': 'W1G', 'extendedPostalCode': 'W1G 8YB', 'countryCode': 'GB', 'country': 'United Kingdom', 'countryCodeISO3': 'GBR', 'freeformAddress': '46 Wimpole Street, West End, London, W1G 8YB', 'localName': 'London'}","{'lat': 51.51968, 'lon': -0.14756000000000002}","{'topLeftPoint': {'lat': 51.52072, 'lon': -0.14923}, 'btmRightPoint': {'lat': 51.51864, 'lon': -0.14589000000000002}}"
826008000052290,2.5725493431,"{'name': 'London Cataract Centre', 'phone': '+44 20 8138 8988', 'categorySet': [{'id': 7321003}], 'url': 'www.londoncataractcentre.co.uk', 'categories': ['hospital/polyclinic', 'special'], 'classifications': [{'code': 'HOSPITAL_POLYCLINIC', 'names': [{'nameLocale': 'en-US', 'name': 'hospital/polyclinic'}, {'nameLocale': 'en-US', 'name': 'special'}]}]}","{'streetNumber': '29a', 'streetName': 'Wimpole Street', 'municipalitySubdivision': 'West End', 'municipality': 'London', 'countrySecondarySubdivision': 'London', 'countrySubdivision': 'ENG', 'countrySubdivisionName': 'England', 'postalCode': 'W1G', 'extendedPostalCode': 'W1G 8GP', 'countryCode': 'GB', 'country': 'United Kingdom', 'countryCodeISO3': 'GBR', 'freeformAddress': '29a Wimpole Street, West End, London, W1G 8GP', 'localName': 'London'}","{'lat': 51.51902, 'lon': -0.14845}","{'topLeftPoint': {'lat': 51.51992, 'lon': -0.1499}, 'btmRightPoint': {'lat': 51.51812, 'lon': -0.147}}"
826009029360765,2.5725243092,"{'name': 'The London Welbeck Hospital', 'phone': '+44 20 7224 2242', 'categorySet': [{'id': 7321002}], 'url': 'www.londonwelbeckhospital.co.uk', 'categories': ['general', 'hospital/polyclinic'], 'classifications': [{'code': 'HOSPITAL_POLYCLINIC', 'names': [{'nameLocale': 'en-US', 'name': 'general'}, {'nameLocale': 'en-US', 'name': 'hospital/polyclinic'}]}]}","{'streetNumber': '27', 'streetName': 'Welbeck Street', 'municipalitySubdivision': 'West End', 'municipality': 'London', 'countrySecondarySubdivision': 'London', 'countrySubdivision': 'ENG', 'countrySubdivisionName': 'England', 'postalCode': 'W1G', 'extendedPostalCode': 'W1G 8EN', 'countryCode': 'GB', 'country': 'United Kingdom', 'countryCodeISO3': 'GBR', 'freeformAddress': '27 Welbeck Street, West End, London, W1G 8EN', 'localName': 'London'}","{'lat': 51.51824, 'lon': -0.14946}","{'topLeftPoint': {'lat': 51.51914, 'lon': -0.15091000000000002}, 'btmRightPoint': {'lat': 51.51734, 'lon': -0.14801}}"
826009028953617,2.5724916458,"{'name': '234 Eye Clinic', 'phone': '+44 20 7387 4072', 'categorySet': [{'id': 7321003}], 'url': 'www.234eyeclinic.com', 'categories': ['hospital/polyclinic', 'special'], 'classifications': [{'code': 'HOSPITAL_POLYCLINIC', 'names': [{'nameLocale': 'en-US', 'name': 'hospital/polyclinic'}, {'nameLocale': 'en-US', 'name': 'special'}]}]}","{'streetNumber': '234', 'streetName': 'Great Portland Street', 'municipalitySubdivision': 'West End', 'municipality': 'London', 'countrySecondarySubdivision': 'London', 'countrySubdivision': 'ENG', 'countrySubdivisionName': 'England', 'postalCode': 'W1W', 'extendedPostalCode': 'W1W 5QT', 'countryCode': 'GB', 'country': 'United Kingdom', 'countryCodeISO3': 'GBR', 'freeformAddress': '234 Great Portland Street, West End, London, W1W 5QT', 'localName': 'London'}","{'lat': 51.52324, 'lon': -0.1437}","{'topLeftPoint': {'lat': 51.52414, 'lon': -0.14515}, 'btmRightPoint': {'lat': 51.52234, 'lon': -0.14225000000000002}}"
826009029253856,2.5724916458,"{'name': '2 3 4 Consulting', 'phone': '+44 20 7390 8323', 'categorySet': [{'id': 7321002}], 'url': 'www.234consulting.org', 'categories': ['general', 'hospital/polyclinic'], 'classifications': [{'code': 'HOSPITAL_POLYCLINIC', 'names': [{'nameLocale': 'en-US', 'name': 'general'}, {'nameLocale': 'en-US', 'name': 'hospital/polyclinic'}]}]}","{'streetNumber': '234', 'streetName': 'Great Portland Street', 'municipalitySubdivision': 'West End', 'municipality': 'London', 'countrySecondarySubdivision': 'London', 'countrySubdivision': 'ENG', 'countrySubdivisionName': 'England', 'postalCode': 'W1W', 'extendedPostalCode': 'W1W 5QT', 'countryCode': 'GB', 'country': 'United Kingdom', 'countryCodeISO3': 'GBR', 'freeformAddress': '234 Great Portland Street, West End, London, W1W 5QT', 'localName': 'London'}","{'lat': 51.52324, 'lon': -0.1437}","{'topLeftPoint': {'lat': 51.52414, 'lon': -0.14515}, 'btmRightPoint': {'lat': 51.52234, 'lon': -0.14225000000000002}}"
826009029179469,2.5724782943999998,"{'name': 'Portland Hospital', 'phone': '+44 20 7580 4400', 'categorySet': [{'id': 7321002}], 'url': 'www.theportlandhospital.com', 'categories': ['general', 'hospital/polyclinic'], 'classifications': [{'code': 'HOSPITAL_POLYCLINIC', 'names': [{'nameLocale': 'en-US', 'name': 'general'}, {'nameLocale': 'en-US', 'name': 'hospital/polyclinic'}]}]}","{'streetNumber': '209', 'streetName': 'Great Portland Street', 'municipalitySubdivision': 'West End', 'municipality': 'London', 'countrySecondarySubdivision': 'London', 'countrySubdivision': 'ENG', 'countrySubdivisionName': 'England', 'postalCode': 'W1W', 'extendedPostalCode': 'W1W 5AB', 'countryCode': 'GB', 'country': 'United Kingdom', 'countryCodeISO3': 'GBR', 'freeformAddress': '209 Great Portland Street, West End, London, W1W 5AB', 'localName': 'London'}","{'lat': 51.52292, 'lon': -0.14437}","{'topLeftPoint': {'lat': 51.52382, 'lon': -0.14582}, 'btmRightPoint': {'lat': 51.52202, 'lon': -0.14292000000000002}}"
826009029035387,2.5724480152,"{'name': 'Old Broad Street Hospital', 'phone': '+44 20 7496 3522', 'categorySet': [{'id': 7321002}], 'categories': ['general', 'hospital/polyclinic'], 'classifications': [{'code': 'HOSPITAL_POLYCLINIC', 'names': [{'nameLocale': 'en-US', 'name': 'general'}, {'nameLocale': 'en-US', 'name': 'hospital/polyclinic'}]}]}","{'streetNumber': '31', 'streetName': 'Old Broad Street', 'municipalitySubdivision': 'Liverpool Street', 'municipality': 'London', 'countrySecondarySubdivision': 'London', 'countrySubdivision': 'ENG', 'countrySubdivisionName': 'England', 'postalCode': 'EC2M', 'extendedPostalCode': 'EC2M 1GT', 'countryCode': 'GB', 'country': 'United Kingdom', 'countryCodeISO3': 'GBR', 'freeformAddress': '31 Old Broad Street, Liverpool Street, London, EC2M 1GT', 'localName': 'London'}","{'lat': 51.51567, 'lon': -0.08399000000000001}","{'topLeftPoint': {'lat': 51.51657, 'lon': -0.08544}, 'btmRightPoint': {'lat': 51.51477, 'lon': -0.08254}}"
826007000303891,2.5723733902,"{'name': 'The Heart Hospital', 'phone': '+44 20 3456 7898', 'categorySet': [{'id': 7321002}], 'url': 'www.uclh.nhs.uk', 'categories': ['general', 'hospital/polyclinic'], 'classifications': [{'code': 'HOSPITAL_POLYCLINIC', 'names': [{'nameLocale': 'en-US', 'name': 'general'}, {'nameLocale': 'en-US', 'name': 'hospital/polyclinic'}]}]}","{'streetNumber': '16-18', 'streetName': 'Westmoreland Street', 'municipalitySubdivision': 'West End', 'municipality': 'London', 'countrySecondarySubdivision': 'London', 'countrySubdivision': 'ENG', 'countrySubdivisionName': 'England', 'postalCode': 'W1G', 'extendedPostalCode': 'W1G 8PH', 'countryCode': 'GB', 'country': 'United Kingdom', 'countryCodeISO3': 'GBR', 'freeformAddress': '16-18 Westmoreland Street, West End, London, W1G 8PH', 'localName': 'London'}","{'lat': 51.51964, 'lon': -0.14967000000000003}","{'topLeftPoint': {'lat': 51.52054, 'lon': -0.15112}, 'btmRightPoint': {'lat': 51.51874, 'lon': -0.14822000000000002}}"
826009028919326,2.572355032,"{'name': 'Nathan Practice', 'phone': '+44 20 7487 4899', 'categorySet': [{'id': 7321002}], 'categories': ['general', 'hospital/polyclinic'], 'classifications': [{'code': 'HOSPITAL_POLYCLINIC', 'names': [{'nameLocale': 'en-US', 'name': 'general'}, {'nameLocale': 'en-US', 'name': 'hospital/polyclinic'}]}]}","{'streetNumber': '103-105', 'streetName': 'Harley Street', 'municipalitySubdivision': 'South Marylebone', 'municipality': 'London', 'countrySecondarySubdivision': 'London', 'countrySubdivision': 'ENG', 'countrySubdivisionName': 'England', 'postalCode': 'W1G', 'extendedPostalCode': 'W1G 6AJ', 'countryCode': 'GB', 'country': 'United Kingdom', 'countryCodeISO3': 'GBR', 'freeformAddress': '103-105 Harley Street, South Marylebone, London, W1G 6AJ', 'localName': 'London'}","{'lat': 51.52113, 'lon': -0.14822000000000002}","{'topLeftPoint': {'lat': 51.52203, 'lon': -0.14967000000000003}, 'btmRightPoint': {'lat': 51.52023, 'lon': -0.14677}}"
826009029445481,2.5723202229,"{'name': 'Central & North West London National Health Service Foundation Trust', 'phone': '+44 20 3214 5800', 'categorySet': [{'id': 7321002}], 'categories': ['general', 'hospital/polyclinic'], 'classifications': [{'code': 'HOSPITAL_POLYCLINIC', 'names': [{'nameLocale': 'en-US', 'name': 'general'}, {'nameLocale': 'en-US', 'name': 'hospital/polyclinic'}]}]}","{'streetNumber': '75', 'streetName': 'Hampstead Road', 'municipalitySubdivision': 'Regents Park', 'municipality': 'London', 'countrySecondarySubdivision': 'London', 'countrySubdivision': 'ENG', 'countrySubdivisionName': 'England', 'postalCode': 'NW1', 'extendedPostalCode': 'NW1 2PL', 'countryCode': 'GB', 'country': 'United Kingdom', 'countryCodeISO3': 'GBR', 'freeformAddress': '75 Hampstead Road, Regents Park, London, NW1 2PL', 'localName': 'London'}","{'lat': 51.52679, 'lon': -0.13908}","{'topLeftPoint': {'lat': 51.52769, 'lon': -0.14053000000000002}, 'btmRightPoint': {'lat': 51.52589, 'lon': -0.13763}}"
826009028829916,2.5723202229,"{'name': 'Central & North West London NHS', 'phone': '+44 20 3214 5700', 'categorySet': [{'id': 7321002}], 'url': 'www.cnwl.nhs.uk', 'categories': ['general', 'hospital/polyclinic'], 'classifications': [{'code': 'HOSPITAL_POLYCLINIC', 'names': [{'nameLocale': 'en-US', 'name': 'general'}, {'nameLocale': 'en-US', 'name': 'hospital/polyclinic'}]}]}","{'streetNumber': '75', 'streetName': 'Hampstead Road', 'municipalitySubdivision': 'Regents Park', 'municipality': 'London', 'countrySecondarySubdivision': 'London', 'countrySubdivision': 'ENG', 'countrySubdivisionName': 'England', 'postalCode': 'NW1', 'extendedPostalCode': 'NW1 2PL', 'countryCode': 'GB', 'country': 'United Kingdom', 'countryCodeISO3': 'GBR', 'freeformAddress': '75 Hampstead Road, Regents Park, London, NW1 2PL', 'localName': 'London'}","{'lat': 51.52679, 'lon': -0.13908}","{'topLeftPoint': {'lat': 51.52769, 'lon': -0.14053000000000002}, 'btmRightPoint': {'lat': 51.52589, 'lon': -0.13763}}"
826009029233145,2.5723202229,"{'name': 'Camden Clinical Commissioning Group', 'phone': '+44 20 3688 1700', 'categorySet': [{'id': 7321002}], 'url': 'www.camdenproviderservices.nhs.uk', 'categories': ['general', 'hospital/polyclinic'], 'classifications': [{'code': 'HOSPITAL_POLYCLINIC', 'names': [{'nameLocale': 'en-US', 'name': 'general'}, {'nameLocale': 'en-US', 'name': 'hospital/polyclinic'}]}]}","{'streetNumber': '75', 'streetName': 'Hampstead Road', 'municipalitySubdivision': 'Regents Park', 'municipality': 'London', 'countrySecondarySubdivision': 'London', 'countrySubdivision': 'ENG', 'countrySubdivisionName': 'England', 'postalCode': 'NW1', 'extendedPostalCode': 'NW1 2PL', 'countryCode': 'GB', 'country': 'United Kingdom', 'countryCodeISO3': 'GBR', 'freeformAddress': '75 Hampstead Road, Regents Park, London, NW1 2PL', 'localName': 'London'}","{'lat': 51.52679, 'lon': -0.13908}","{'topLeftPoint': {'lat': 51.52769, 'lon': -0.14053000000000002}, 'btmRightPoint': {'lat': 51.52589, 'lon': -0.13763}}"
826008000011729,2.5722947121,"{'name': 'Medical Express Clinic', 'phone': '+44 800 980 0700', 'categorySet': [{'id': 7321003}], 'url': 'www.medicalexpressclinic.co.uk', 'categories': ['hospital/polyclinic', 'special'], 'classifications': [{'code': 'HOSPITAL_POLYCLINIC', 'names': [{'nameLocale': 'en-US', 'name': 'hospital/polyclinic'}, {'nameLocale': 'en-US', 'name': 'special'}]}]}","{'streetNumber': '117A', 'streetName': 'Harley Street', 'municipalitySubdivision': 'West End', 'municipality': 'London', 'countrySecondarySubdivision': 'London', 'countrySubdivision': 'ENG', 'countrySubdivisionName': 'England', 'postalCode': 'W1G', 'extendedPostalCode': 'W1G 7JL', 'countryCode': 'GB', 'country': 'United Kingdom', 'countryCodeISO3': 'GBR', 'freeformAddress': '117A Harley Street, West End, London, W1G 7JL', 'localName': 'London'}","{'lat': 51.521770000000004, 'lon': -0.14809}","{'topLeftPoint': {'lat': 51.52267, 'lon': -0.14954}, 'btmRightPoint': {'lat': 51.52087, 'lon': -0.14664000000000002}}"
826009029077031,2.5722868442999998,"{'name': 'Moorfields Eye Hospital', 'phone': '+44 20 7935 1565', 'categorySet': [{'id': 7321003}], 'url': 'www.moorfieldsprivate.co.uk', 'categories': ['hospital/polyclinic', 'special'], 'classifications': [{'code': 'HOSPITAL_POLYCLINIC', 'names': [{'nameLocale': 'en-US', 'name': 'hospital/polyclinic'}, {'nameLocale': 'en-US', 'name': 'special'}]}]}","{'streetNumber': '8', 'streetName': 'Upper Wimpole Street', 'municipalitySubdivision': 'South Marylebone', 'municipality': 'London', 'countrySecondarySubdivision': 'London', 'countrySubdivision': 'ENG', 'countrySubdivisionName': 'England', 'postalCode': 'W1G', 'extendedPostalCode': 'W1G 6LH', 'countryCode': 'GB', 'country': 'United Kingdom', 'countryCodeISO3': 'GBR', 'freeformAddress': '8 Upper Wimpole Street, South Marylebone, London, W1G 6LH', 'localName': 'London'}","{'lat': 51.52099, 'lon': -0.14911000000000002}","{'topLeftPoint': {'lat': 51.52189, 'lon': -0.15056}, 'btmRightPoint': {'lat': 51.52009, 'lon': -0.14766}}"
826009029299844,2.5722692013,"{'name': 'Harley Street Paediatric Group', 'phone': '+44 20 7935 2023', 'categorySet': [{'id': 7321002}], 'url': 'www.harleystreetpaediatricgroup.com', 'categories': ['general', 'hospital/polyclinic'], 'classifications': [{'code': 'HOSPITAL_POLYCLINIC', 'names': [{'nameLocale': 'en-US', 'name': 'general'}, {'nameLocale': 'en-US', 'name': 'hospital/polyclinic'}]}]}","{'streetNumber': '115a', 'streetName': 'Harley Street', 'municipalitySubdivision': 'South Marylebone', 'municipality': 'London', 'countrySecondarySubdivision': 'London', 'countrySubdivision': 'ENG', 'countrySubdivisionName': 'England', 'postalCode': 'W1G', 'extendedPostalCode': 'W1G 6AR', 'countryCode': 'GB', 'country': 'United Kingdom', 'countryCodeISO3': 'GBR', 'freeformAddress': '115a Harley Street, South Marylebone, London, W1G 6AR', 'localName': 'London'}","{'lat': 51.52144, 'lon': -0.14877}","{'topLeftPoint': {'lat': 51.52234, 'lon': -0.15022000000000002}, 'btmRightPoint': {'lat': 51.52054, 'lon': -0.14732}}"
826009028835500,2.5722639561,"{'name': 'H C A International', 'phone': '+44 20 7409 3112', 'categorySet': [{'id': 7321002}], 'url': 'www.hcainternational.com', 'categories': ['general', 'hospital/polyclinic'], 'classifications': [{'code': 'HOSPITAL_POLYCLINIC', 'names': [{'nameLocale': 'en-US', 'name': 'general'}, {'nameLocale': 'en-US', 'name': 'hospital/polyclinic'}]}]}","{'streetNumber': '97-99', 'streetName': 'Park Street', 'municipalitySubdivision': 'Mayfair', 'municipality': 'London', 'countrySecondarySubdivision': 'London', 'countrySubdivision': 'ENG', 'countrySubdivisionName': 'England', 'postalCode': 'W1K', 'extendedPostalCode': 'W1K 7HA', 'countryCode': 'GB', 'country': 'United Kingdom', 'countryCodeISO3': 'GBR', 'freeformAddress': '97-99 Park Street, Mayfair, London, W1K 7HA', 'localName': 'London'}","{'lat': 51.51217, 'lon': -0.15556}","{'topLeftPoint': {'lat': 51.51307, 'lon': -0.15701}, 'btmRightPoint': {'lat': 51.51127, 'lon': -0.15411000000000002}}"
826009006157226,2.5722360611,"{'name': 'London Allergy & Immunology Centre', 'phone': '+44 20 3143 3449', 'categorySet': [{'id': 7321003}], 'url': 'www.UKallergy.com', 'categories': ['hospital/polyclinic', 'special'], 'classifications': [{'code': 'HOSPITAL_POLYCLINIC', 'names': [{'nameLocale': 'en-US', 'name': 'hospital/polyclinic'}, {'nameLocale': 'en-US', 'name': 'special'}]}]}","{'streetNumber': '17', 'streetName': ""Saint Helen's Place"", 'municipalitySubdivision': 'Aldgate', 'municipality': 'London', 'countrySecondarySubdivision': 'London', 'countrySubdivision': 'ENG', 'countrySubdivisionName': 'England', 'postalCode': 'EC3A', 'extendedPostalCode': 'EC3A 6DG', 'countryCode': 'GB', 'country': 'United Kingdom', 'countryCodeISO3': 'GBR', 'freeformAddress': ""17 Saint Helen's Place, Aldgate, London, EC3A 6DG"", 'localName': 'London'}","{'lat': 51.51525, 'lon': -0.08178}","{'topLeftPoint': {'lat': 51.51615, 'lon': -0.08323000000000001}, 'btmRightPoint': {'lat': 51.51435, 'lon': -0.08033000000000001}}"
826009040033157,2.5722141266,"{'name': 'Weymouth Street Hospital', 'phone': '+44 20 7935 1200', 'categorySet': [{'id': 7321002}], 'url': 'www.weymouthstreethospital.com', 'categories': ['general', 'hospital/polyclinic'], 'classifications': [{'code': 'HOSPITAL_POLYCLINIC', 'names': [{'nameLocale': 'en-US', 'name': 'general'}, {'nameLocale': 'en-US', 'name': 'hospital/polyclinic'}]}]}","{'streetNumber': '42-46', 'streetName': 'Weymouth Street', 'municipalitySubdivision': 'South Marylebone', 'municipality': 'London', 'countrySecondarySubdivision': 'London', 'countrySubdivision': 'ENG', 'countrySubdivisionName': 'England', 'postalCode': 'W1G', 'extendedPostalCode': 'W1G 6NP', 'countryCode': 'GB', 'country': 'United Kingdom', 'countryCodeISO3': 'GBR', 'freeformAddress': '42-46 Weymouth Street, South Marylebone, London, W1G 6NP', 'localName': 'London'}","{'lat': 51.52022, 'lon': -0.15069000000000002}","{'topLeftPoint': {'lat': 51.52112, 'lon': -0.15214000000000003}, 'btmRightPoint': {'lat': 51.51932, 'lon': -0.14924}}"
826009028995525,2.5721590519,"{'name': 'H N Whitfield', 'phone': '+44 20 7935 3095', 'categorySet': [{'id': 7321002}], 'categories': ['general', 'hospital/polyclinic'], 'classifications': [{'code': 'HOSPITAL_POLYCLINIC', 'names': [{'nameLocale': 'en-US', 'name': 'general'}, {'nameLocale': 'en-US', 'name': 'hospital/polyclinic'}]}]}","{'streetNumber': '37', 'streetName': 'Devonshire Mews West', 'municipalitySubdivision': 'South Marylebone', 'municipality': 'London', 'countrySecondarySubdivision': 'London', 'countrySubdivision': 'ENG', 'countrySubdivisionName': 'England', 'postalCode': 'W1G', 'extendedPostalCode': 'W1G 6QJ', 'countryCode': 'GB', 'country': 'United Kingdom', 'countryCodeISO3': 'GBR', 'freeformAddress': '37 Devonshire Mews West, South Marylebone, London, W1G 6QJ', 'localName': 'London'}","{'lat': 51.52117, 'lon': -0.15022000000000002}","{'topLeftPoint': {'lat': 51.52207, 'lon': -0.15167}, 'btmRightPoint': {'lat': 51.52027, 'lon': -0.14877}}"
826009028967281,2.5721590519,"{'name': 'Emmanuel Kaye House', 'phone': '+44 20 7467 4550', 'categorySet': [{'id': 7321002}], 'url': 'www.kingedwardvii.co.uk', 'categories': ['general', 'hospital/polyclinic'], 'classifications': [{'code': 'HOSPITAL_POLYCLINIC', 'names': [{'nameLocale': 'en-US', 'name': 'general'}, {'nameLocale': 'en-US', 'name': 'hospital/polyclinic'}]}]}","{'streetNumber': '37', 'streetName': 'Devonshire Mews West', 'municipalitySubdivision': 'South Marylebone', 'municipality': 'London', 'countrySecondarySubdivision': 'London', 'countrySubdivision': 'ENG', 'countrySubdivisionName': 'England', 'postalCode': 'W1G', 'extendedPostalCode': 'W1G 6QJ', 'countryCode': 'GB', 'country': 'United Kingdom', 'countryCodeISO3': 'GBR', 'freeformAddress': '37 Devonshire Mews West, South Marylebone, London, W1G 6QJ', 'localName': 'London'}","{'lat': 51.52117, 'lon': -0.15022000000000002}","{'topLeftPoint': {'lat': 51.52207, 'lon': -0.15167}, 'btmRightPoint': {'lat': 51.52027, 'lon': -0.14877}}"
826009005799659,2.5721373558,"{'name': ""King Edward VII's Hospital Sister Agnes"", 'phone': '+44 20 7486 4411', 'categorySet': [{'id': 7321002}], 'url': 'www.kingedwardvii.co.uk', 'categories': ['general', 'hospital/polyclinic'], 'classifications': [{'code': 'HOSPITAL_POLYCLINIC', 'names': [{'nameLocale': 'en-US', 'name': 'general'}, {'nameLocale': 'en-US', 'name': 'hospital/polyclinic'}]}]}","{'streetName': 'Beaumont Street', 'municipalitySubdivision': 'South Marylebone', 'municipality': 'London', 'countrySecondarySubdivision': 'London', 'countrySubdivision': 'ENG', 'countrySubdivisionName': 'England', 'postalCode': 'W1G', 'extendedPostalCode': 'W1G 6DL', 'countryCode': 'GB', 'country': 'United Kingdom', 'countryCodeISO3': 'GBR', 'freeformAddress': 'Beaumont Street, South Marylebone, London, W1G 6DL', 'localName': 'London'}","{'lat': 51.52108, 'lon': -0.15054}","{'topLeftPoint': {'lat': 51.52128, 'lon': -0.15073}, 'btmRightPoint': {'lat': 51.52044, 'lon': -0.15005000000000002}}"
826009028896061,2.5721054077,"{'name': 'The Harley Street Breast Clinic', 'phone': '+44 20 7908 6071', 'categorySet': [{'id': 7321002}], 'url': 'www.theharleystreetbreastclinic.co.uk', 'categories': ['general', 'hospital/polyclinic'], 'classifications': [{'code': 'HOSPITAL_POLYCLINIC', 'names': [{'nameLocale': 'en-US', 'name': 'general'}, {'nameLocale': 'en-US', 'name': 'hospital/polyclinic'}]}]}","{'streetNumber': '148', 'streetName': 'Harley Street', 'municipalitySubdivision': 'West End', 'municipality': 'London', 'countrySecondarySubdivision': 'London', 'countrySubdivision': 'ENG', 'countrySubdivisionName': 'England', 'postalCode': 'W1G', 'extendedPostalCode': 'W1G 7LG', 'countryCode': 'GB', 'country': 'United Kingdom', 'countryCodeISO3': 'GBR', 'freeformAddress': '148 Harley Street, West End, London, W1G 7LG', 'localName': 'London'}","{'lat': 51.523, 'lon': -0.14853000000000002}","{'topLeftPoint': {'lat': 51.5239, 'lon': -0.14998}, 'btmRightPoint': {'lat': 51.5221, 'lon': -0.14708000000000002}}"
826009029185080,2.5721008778,"{'name': 'Mark Feneley', 'phone': '+44 20 7486 3830', 'categorySet': [{'id': 7321002}], 'url': 'www.markfeneley.com', 'categories': ['general', 'hospital/polyclinic'], 'classifications': [{'code': 'HOSPITAL_POLYCLINIC', 'names': [{'nameLocale': 'en-US', 'name': 'general'}, {'nameLocale': 'en-US', 'name': 'hospital/polyclinic'}]}]}","{'streetNumber': '145', 'streetName': 'Harley Street', 'municipalitySubdivision': 'West End', 'municipality': 'London', 'countrySecondarySubdivision': 'London', 'countrySubdivision': 'ENG', 'countrySubdivisionName': 'England', 'postalCode': 'W1G', 'extendedPostalCode': 'W1G 6BJ', 'countryCode': 'GB', 'country': 'United Kingdom', 'countryCodeISO3': 'GBR', 'freeformAddress': '145 Harley Street, West End, London, W1G 6BJ', 'localName': 'London'}","{'lat': 51.52278, 'lon': -0.14887}","{'topLeftPoint': {'lat': 51.52368, 'lon': -0.15032}, 'btmRightPoint': {'lat': 51.52188, 'lon': -0.14742000000000002}}"
826009028837370,2.5721008778,"{'name': 'London Urologica', 'phone': '+44 20 3219 3524', 'categorySet': [{'id': 7321002}], 'categories': ['general', 'hospital/polyclinic'], 'classifications': [{'code': 'HOSPITAL_POLYCLINIC', 'names': [{'nameLocale': 'en-US', 'name': 'general'}, {'nameLocale': 'en-US', 'name': 'hospital/polyclinic'}]}]}","{'streetNumber': '145', 'streetName': 'Harley Street', 'municipalitySubdivision': 'West End', 'municipality': 'London', 'countrySecondarySubdivision': 'London', 'countrySubdivision': 'ENG', 'countrySubdivisionName': 'England', 'postalCode': 'W1G', 'extendedPostalCode': 'W1G 6BJ', 'countryCode': 'GB', 'country': 'United Kingdom', 'countryCodeISO3': 'GBR', 'freeformAddress': '145 Harley Street, West End, London, W1G 6BJ', 'localName': 'London'}","{'lat': 51.52278, 'lon': -0.14887}","{'topLeftPoint': {'lat': 51.52368, 'lon': -0.15032}, 'btmRightPoint': {'lat': 51.52188, 'lon': -0.14742000000000002}}"
826009029173515,2.5720801353000002,"{'name': '152 Harley Street', 'phone': '+44 20 7467 3000', 'categorySet': [{'id': 7321002}], 'url': 'www.152harleystreet.com', 'categories': ['general', 'hospital/polyclinic'], 'classifications': [{'code': 'HOSPITAL_POLYCLINIC', 'names': [{'nameLocale': 'en-US', 'name': 'general'}, {'nameLocale': 'en-US', 'name': 'hospital/polyclinic'}]}]}","{'streetNumber': '152', 'streetName': 'Harley Street', 'municipalitySubdivision': 'West End', 'municipality': 'London', 'countrySecondarySubdivision': 'London', 'countrySubdivision': 'ENG', 'countrySubdivisionName': 'England', 'postalCode': 'W1G', 'extendedPostalCode': 'W1G 7LJ', 'countryCode': 'GB', 'country': 'United Kingdom', 'countryCodeISO3': 'GBR', 'freeformAddress': '152 Harley Street, West End, London, W1G 7LJ', 'localName': 'London'}","{'lat': 51.52312, 'lon': -0.14864000000000002}","{'topLeftPoint': {'lat': 51.52402, 'lon': -0.15009}, 'btmRightPoint': {'lat': 51.52222, 'lon': -0.14719000000000002}}"
826009029144008,2.5720045567,"{'name': 'London School of Osteopathy', 'phone': '+44 20 7237 1422', 'categorySet': [{'id': 7321002}], 'categories': ['general', 'hospital/polyclinic'], 'classifications': [{'code': 'HOSPITAL_POLYCLINIC', 'names': [{'nameLocale': 'en-US', 'name': 'general'}, {'nameLocale': 'en-US', 'name': 'hospital/polyclinic'}]}]}","{'streetNumber': '12', 'streetName': 'Grange Road', 'municipalitySubdivision': 'Bermondsey', 'municipality': 'London', 'countrySecondarySubdivision': 'London', 'countrySubdivision': 'ENG', 'countrySubdivisionName': 'England', 'postalCode': 'SE1', 'extendedPostalCode': 'SE1 3BE', 'countryCode': 'GB', 'country': 'United Kingdom', 'countryCodeISO3': 'GBR', 'freeformAddress': '12 Grange Road, Bermondsey, London, SE1 3BE', 'localName': 'London'}","{'lat': 51.49645, 'lon': -0.08152000000000001}","{'topLeftPoint': {'lat': 51.49735, 'lon': -0.08296}, 'btmRightPoint': {'lat': 51.49555, 'lon': -0.08008000000000001}}"
826009006018025,2.5717384815,"{'name': 'The Princess Grace Hospital', 'phone': '+44 20 7486 1234', 'categorySet': [{'id': 7321002}], 'url': 'www.theprincessgracehospital.com', 'categories': ['general', 'hospital/polyclinic'], 'classifications': [{'code': 'HOSPITAL_POLYCLINIC', 'names': [{'nameLocale': 'en-US', 'name': 'general'}, {'nameLocale': 'en-US', 'name': 'hospital/polyclinic'}]}]}","{'streetNumber': '47', 'streetName': 'Nottingham Place', 'municipality': 'London', 'countrySecondarySubdivision': 'London', 'countrySubdivision': 'ENG', 'countrySubdivisionName': 'England', 'postalCode': 'W1U', 'extendedPostalCode': 'W1U 5NY', 'countryCode': 'GB', 'country': 'United Kingdom', 'countryCodeISO3': 'GBR', 'freeformAddress': '47 Nottingham Place, London, W1U 5NY', 'localName': 'London'}","{'lat': 51.52236, 'lon': -0.15297000000000002}","{'topLeftPoint': {'lat': 51.52295, 'lon': -0.15327000000000002}, 'btmRightPoint': {'lat': 51.52219, 'lon': -0.15258000000000002}}"
826001000244590,2.5716700554000003,"{'name': 'Moorfields Eye Hospital', 'phone': '+44 20 7253 3411', 'categorySet': [{'id': 7321003}], 'url': 'www.moorfields.nhs.uk', 'categories': ['hospital/polyclinic', 'special'], 'classifications': [{'code': 'HOSPITAL_POLYCLINIC', 'names': [{'nameLocale': 'en-US', 'name': 'hospital/polyclinic'}, {'nameLocale': 'en-US', 'name': 'special'}]}]}","{'streetNumber': '162', 'streetName': 'City Road', 'municipality': 'London', 'countrySecondarySubdivision': 'London', 'countrySubdivision': 'ENG', 'countrySubdivisionName': 'England', 'postalCode': 'EC1V', 'extendedPostalCode': 'EC1V 2PD', 'countryCode': 'GB', 'country': 'United Kingdom', 'countryCodeISO3': 'GBR', 'freeformAddress': '162 City Road, London, EC1V 2PD', 'localName': 'London'}","{'lat': 51.52736, 'lon': -0.08972000000000001}","{'topLeftPoint': {'lat': 51.52767, 'lon': -0.09085000000000001}, 'btmRightPoint': {'lat': 51.52683, 'lon': -0.08857000000000001}}"
826009028902658,2.5713503361,"{'name': 'Cadogan Clinic', 'phone': '+44 20 7901 8500', 'categorySet': [{'id': 7321002}], 'url': 'www.cadoganclinic.com', 'categories': ['general', 'hospital/polyclinic'], 'classifications': [{'code': 'HOSPITAL_POLYCLINIC', 'names': [{'nameLocale': 'en-US', 'name': 'general'}, {'nameLocale': 'en-US', 'name': 'hospital/polyclinic'}]}]}","{'streetNumber': '120', 'streetName': 'Sloane Street', 'municipalitySubdivision': 'Belgravia', 'municipality': 'London', 'countrySecondarySubdivision': 'London', 'countrySubdivision': 'ENG', 'countrySubdivisionName': 'England', 'postalCode': 'SW1X', 'extendedPostalCode': 'SW1X 9BW', 'countryCode': 'GB', 'country': 'United Kingdom', 'countryCodeISO3': 'GBR', 'freeformAddress': '120 Sloane Street, Belgravia, London, SW1X 9BW', 'localName': 'London'}","{'lat': 51.49435, 'lon': -0.15853}","{'topLeftPoint': {'lat': 51.49525, 'lon': -0.15997}, 'btmRightPoint': {'lat': 51.49345, 'lon': -0.15709}}"
826009006384514,2.5712273121,"{'name': 'The Lister Hospital', 'phone': '+44 20 7730 7733', 'categorySet': [{'id': 7321002}], 'url': 'www.thelisterhospital.com', 'categories': ['general', 'hospital/polyclinic'], 'classifications': [{'code': 'HOSPITAL_POLYCLINIC', 'names': [{'nameLocale': 'en-US', 'name': 'general'}, {'nameLocale': 'en-US', 'name': 'hospital/polyclinic'}]}]}","{'streetName': 'Chelsea Bridge Road', 'municipalitySubdivision': 'Belgravia', 'municipality': 'London', 'countrySecondarySubdivision': 'London', 'countrySubdivision': 'ENG', 'countrySubdivisionName': 'England', 'postalCode': 'SW1W', 'extendedPostalCode': 'SW1W 8RH', 'countryCode': 'GB', 'country': 'United Kingdom', 'countryCodeISO3': 'GBR', 'freeformAddress': 'Chelsea Bridge Road, Belgravia, London, SW1W 8RH', 'localName': 'London'}","{'lat': 51.48635, 'lon': -0.15002000000000001}","{'topLeftPoint': {'lat': 51.48701, 'lon': -0.15081}, 'btmRightPoint': {'lat': 51.48601, 'lon': -0.14968}}"
826009029026775,2.570953846,"{'name': 'Barts & the London NHS Trust', 'phone': '+44 20 7377 7000', 'categorySet': [{'id': 7321002}], 'url': 'www.bartsandthelondon.nhs.uk', 'categories': ['general', 'hospital/polyclinic'], 'classifications': [{'code': 'HOSPITAL_POLYCLINIC', 'names': [{'nameLocale': 'en-US', 'name': 'general'}, {'nameLocale': 'en-US', 'name': 'hospital/polyclinic'}]}]}","{'streetNumber': '9', 'streetName': 'Prescot Street', 'municipalitySubdivision': 'Whitechapel', 'municipality': 'London', 'countrySecondarySubdivision': 'London', 'countrySubdivision': 'ENG', 'countrySubdivisionName': 'England', 'postalCode': 'E1', 'extendedPostalCode': 'E1 8PR', 'countryCode': 'GB', 'country': 'United Kingdom', 'countryCodeISO3': 'GBR', 'freeformAddress': '9 Prescot Street, Whitechapel, London, E1 8PR', 'localName': 'London'}","{'lat': 51.5116, 'lon': -0.07044}","{'topLeftPoint': {'lat': 51.5125, 'lon': -0.07189000000000001}, 'btmRightPoint': {'lat': 51.5107, 'lon': -0.06899000000000001}}"
826001000201481,2.5708477497,"{'name': 'Saint Pancras Hospital', 'phone': '+44 20 3317 3500', 'categorySet': [{'id': 7321002}], 'categories': ['general', 'hospital/polyclinic'], 'classifications': [{'code': 'HOSPITAL_POLYCLINIC', 'names': [{'nameLocale': 'en-US', 'name': 'general'}, {'nameLocale': 'en-US', 'name': 'hospital/polyclinic'}]}]}","{'streetNumber': '4', 'streetName': 'Saint Pancras Way', 'municipalitySubdivision': 'Camden Town', 'municipality': 'London', 'countrySecondarySubdivision': 'London', 'countrySubdivision': 'ENG', 'countrySubdivisionName': 'England', 'postalCode': 'NW1', 'extendedPostalCode': 'NW1 0PB', 'countryCode': 'GB', 'country': 'United Kingdom', 'countryCodeISO3': 'GBR', 'freeformAddress': '4 Saint Pancras Way, Camden Town, London, NW1 0PB', 'localName': 'London'}","{'lat': 51.53628, 'lon': -0.13247}","{'topLeftPoint': {'lat': 51.53748, 'lon': -0.13271000000000002}, 'btmRightPoint': {'lat': 51.53507, 'lon': -0.13006}}"
826001000000571,2.5706796646,"{'name': 'Western Eye Hospital', 'phone': '+44 20 3312 6666', 'categorySet': [{'id': 7321003}], 'url': 'www.nhs.uk', 'categories': ['hospital/polyclinic', 'special'], 'classifications': [{'code': 'HOSPITAL_POLYCLINIC', 'names': [{'nameLocale': 'en-US', 'name': 'hospital/polyclinic'}, {'nameLocale': 'en-US', 'name': 'special'}]}]}","{'streetNumber': '153-173', 'streetName': 'Marylebone Road', 'municipalitySubdivision': 'North Marylebone', 'municipality': 'London', 'countrySecondarySubdivision': 'London', 'countrySubdivision': 'ENG', 'countrySubdivisionName': 'England', 'postalCode': 'NW1', 'extendedPostalCode': 'NW1 5QH', 'countryCode': 'GB', 'country': 'United Kingdom', 'countryCodeISO3': 'GBR', 'freeformAddress': '153-173 Marylebone Road, North Marylebone, London, NW1 5QH', 'localName': 'London'}","{'lat': 51.52088, 'lon': -0.163}","{'topLeftPoint': {'lat': 51.52111, 'lon': -0.16394}, 'btmRightPoint': {'lat': 51.52058, 'lon': -0.16266000000000003}}"
826009030750856,2.5704903603,"{'name': 'The Royal Hospital Chelsea', 'phone': '+44 20 7881 5200', 'categorySet': [{'id': 7321002}], 'url': 'www.chelsea-pensioners.co.uk', 'categories': ['general', 'hospital/polyclinic'], 'classifications': [{'code': 'HOSPITAL_POLYCLINIC', 'names': [{'nameLocale': 'en-US', 'name': 'general'}, {'nameLocale': 'en-US', 'name': 'hospital/polyclinic'}]}]}","{'streetName': 'Royal Hospital Road', 'municipalitySubdivision': 'Chelsea', 'municipality': 'London', 'countrySecondarySubdivision': 'London', 'countrySubdivision': 'ENG', 'countrySubdivisionName': 'England', 'postalCode': 'SW3', 'extendedPostalCode': 'SW3 4SL', 'countryCode': 'GB', 'country': 'United Kingdom', 'countryCodeISO3': 'GBR', 'freeformAddress': 'Royal Hospital Road, Chelsea, London, SW3 4SL', 'localName': 'London'}","{'lat': 51.48745, 'lon': -0.15828}","{'topLeftPoint': {'lat': 51.48857, 'lon': -0.16008}, 'btmRightPoint': {'lat': 51.48562, 'lon': -0.15521000000000001}}"
826009029026624,2.5695605278,"{'name': 'Medicspot Clinic Paddington', 'phone': '+44 20 3937 9936', 'categorySet': [{'id': 7321}], 'categories': ['hospital/polyclinic'], 'classifications': [{'code': 'HOSPITAL_POLYCLINIC', 'names': [{'nameLocale': 'en-US', 'name': 'hospital/polyclinic'}]}]}","{'streetNumber': '107', 'streetName': 'Praed Street', 'municipalitySubdivision': 'Paddington', 'municipality': 'London', 'countrySecondarySubdivision': 'London', 'countrySubdivision': 'ENG', 'countrySubdivisionName': 'England', 'postalCode': 'W2', 'extendedPostalCode': 'W2 1NT', 'countryCode': 'GB', 'country': 'United Kingdom', 'countryCodeISO3': 'GBR', 'freeformAddress': '107 Praed Street, Paddington, London, W2 1NT', 'localName': 'London'}","{'lat': 51.51708, 'lon': -0.17267000000000002}","{'topLeftPoint': {'lat': 51.51798, 'lon': -0.17412000000000002}, 'btmRightPoint': {'lat': 51.51618, 'lon': -0.17122}}"
826009005913056,2.5693249702000003,"{'name': 'Saint Leonard', 'phone': '+44 20 7683 4527', 'categorySet': [{'id': 7321003}], 'categories': ['hospital/polyclinic', 'special'], 'classifications': [{'code': 'HOSPITAL_POLYCLINIC', 'names': [{'nameLocale': 'en-US', 'name': 'hospital/polyclinic'}, {'nameLocale': 'en-US', 'name': 'special'}]}]}","{'streetName': 'Nuttall Street', 'municipalitySubdivision': 'Islington', 'municipality': 'London', 'countrySecondarySubdivision': 'London', 'countrySubdivision': 'ENG', 'countrySubdivisionName': 'England', 'postalCode': 'N1', 'extendedPostalCode': 'N1 5LZ', 'countryCode': 'GB', 'country': 'United Kingdom', 'countryCodeISO3': 'GBR', 'freeformAddress': 'Nuttall Street, Islington, London, N1 5LZ', 'localName': 'London'}","{'lat': 51.53388, 'lon': -0.07875}","{'topLeftPoint': {'lat': 51.53478, 'lon': -0.08020000000000001}, 'btmRightPoint': {'lat': 51.53298, 'lon': -0.07730000000000001}}"
826009013261363,2.5692667961,"{'name': ""Saint Mary's Hospital"", 'phone': '+44 20 3312 6666', 'categorySet': [{'id': 7321002}], 'url': 'www.imperial.nhs.uk', 'categories': ['general', 'hospital/polyclinic'], 'classifications': [{'code': 'HOSPITAL_POLYCLINIC', 'names': [{'nameLocale': 'en-US', 'name': 'general'}, {'nameLocale': 'en-US', 'name': 'hospital/polyclinic'}]}]}","{'streetName': 'Praed Street', 'municipalitySubdivision': 'Paddington', 'municipality': 'London', 'countrySecondarySubdivision': 'London', 'countrySubdivision': 'ENG', 'countrySubdivisionName': 'England', 'postalCode': 'W2', 'extendedPostalCode': 'W2 1NY', 'countryCode': 'GB', 'country': 'United Kingdom', 'countryCodeISO3': 'GBR', 'freeformAddress': 'Praed Street, Paddington, London, W2 1NY', 'localName': 'London'}","{'lat': 51.51775, 'lon': -0.17409000000000002}","{'topLeftPoint': {'lat': 51.51828, 'lon': -0.17636000000000002}, 'btmRightPoint': {'lat': 51.51663, 'lon': -0.17291}}"
826009003079030,2.5690410137,"{'name': 'Royal Brompton Hospital', 'phone': '+44 20 7352 8121', 'categorySet': [{'id': 7321002}], 'url': 'www.rbht.nhs.uk', 'categories': ['general', 'hospital/polyclinic'], 'classifications': [{'code': 'HOSPITAL_POLYCLINIC', 'names': [{'nameLocale': 'en-US', 'name': 'general'}, {'nameLocale': 'en-US', 'name': 'hospital/polyclinic'}]}]}","{'streetName': 'Sydney Street', 'municipalitySubdivision': 'Chelsea', 'municipality': 'London', 'countrySecondarySubdivision': 'London', 'countrySubdivision': 'ENG', 'countrySubdivisionName': 'England', 'postalCode': 'SW3', 'extendedPostalCode': 'SW3 6PX', 'countryCode': 'GB', 'country': 'United Kingdom', 'countryCodeISO3': 'GBR', 'freeformAddress': 'Sydney Street, Chelsea, London, SW3 6PX', 'localName': 'London'}","{'lat': 51.48974, 'lon': -0.17084000000000002}","{'topLeftPoint': {'lat': 51.49013, 'lon': -0.17217000000000002}, 'btmRightPoint': {'lat': 51.4881, 'lon': -0.16967000000000002}}"
826009029121069,2.5690219402,"{'name': 'Institute of Dentistry within Queen Mary University of London', 'phone': '+44 20 7882 8669', 'categorySet': [{'id': 7321002}], 'url': 'www.qmul.ac.uk', 'categories': ['general', 'hospital/polyclinic'], 'classifications': [{'code': 'HOSPITAL_POLYCLINIC', 'names': [{'nameLocale': 'en-US', 'name': 'general'}, {'nameLocale': 'en-US', 'name': 'hospital/polyclinic'}]}]}","{'streetName': 'Turner Street', 'municipalitySubdivision': 'Stepney', 'municipality': 'London', 'countrySecondarySubdivision': 'London', 'countrySubdivision': 'ENG', 'countrySubdivisionName': 'England', 'postalCode': 'E1', 'extendedPostalCode': 'E1 2AE', 'countryCode': 'GB', 'country': 'United Kingdom', 'countryCodeISO3': 'GBR', 'freeformAddress': 'Turner Street, Stepney, London, E1 2AE', 'localName': 'London'}","{'lat': 51.51777, 'lon': -0.06069000000000001}","{'topLeftPoint': {'lat': 51.51867, 'lon': -0.06214000000000001}, 'btmRightPoint': {'lat': 51.51687, 'lon': -0.05924000000000001}}"
826009013253908,2.5688848495,"{'name': 'The Royal London Hospital', 'phone': '+44 20 7377 7000', 'categorySet': [{'id': 7321002}], 'url': 'www.bartshealth.nhs.uk', 'categories': ['general', 'hospital/polyclinic'], 'classifications': [{'code': 'HOSPITAL_POLYCLINIC', 'names': [{'nameLocale': 'en-US', 'name': 'general'}, {'nameLocale': 'en-US', 'name': 'hospital/polyclinic'}]}]}","{'streetName': 'Whitechapel Road', 'municipalitySubdivision': 'Whitechapel', 'municipality': 'London', 'countrySecondarySubdivision': 'London', 'countrySubdivision': 'ENG', 'countrySubdivisionName': 'England', 'postalCode': 'E1', 'extendedPostalCode': 'E1 1FR', 'countryCode': 'GB', 'country': 'United Kingdom', 'countryCodeISO3': 'GBR', 'freeformAddress': 'Whitechapel Road, Whitechapel, London, E1 1FR', 'localName': 'London'}","{'lat': 51.51812, 'lon': -0.06008}","{'topLeftPoint': {'lat': 51.51921, 'lon': -0.06287000000000001}, 'btmRightPoint': {'lat': 51.51712, 'lon': -0.057240000000000006}}"
826001001986043,2.568867445,"{'name': 'The Royal Marsden Chelsea', 'phone': '+44 20 7352 8171', 'categorySet': [{'id': 7321002}], 'url': 'www.royalmarsden.nhs.uk', 'categories': ['general', 'hospital/polyclinic'], 'classifications': [{'code': 'HOSPITAL_POLYCLINIC', 'names': [{'nameLocale': 'en-US', 'name': 'general'}, {'nameLocale': 'en-US', 'name': 'hospital/polyclinic'}]}]}","{'streetName': 'Fulham Road', 'municipalitySubdivision': 'Chelsea', 'municipality': 'London', 'countrySecondarySubdivision': 'London', 'countrySubdivision': 'ENG', 'countrySubdivisionName': 'England', 'postalCode': 'SW3', 'extendedPostalCode': 'SW3 6JJ', 'countryCode': 'GB', 'country': 'United Kingdom', 'countryCodeISO3': 'GBR', 'freeformAddress': 'Fulham Road, Chelsea, London, SW3 6JJ', 'localName': 'London'}","{'lat': 51.49071, 'lon': -0.17269}","{'topLeftPoint': {'lat': 51.49136, 'lon': -0.17371}, 'btmRightPoint': {'lat': 51.48964, 'lon': -0.17097}}"
826009013255779,2.5687735081,"{'name': 'The Platinum Medical Centre', 'phone': '+44 20 3468 5337', 'categorySet': [{'id': 7321002}], 'url': 'www.theplatinummedicalcentre.com', 'categories': ['general', 'hospital/polyclinic'], 'classifications': [{'code': 'HOSPITAL_POLYCLINIC', 'names': [{'nameLocale': 'en-US', 'name': 'general'}, {'nameLocale': 'en-US', 'name': 'hospital/polyclinic'}]}]}","{'streetNumber': '15-17', 'streetName': 'Lodge Road', 'municipalitySubdivision': 'Saint Johns Wood', 'municipality': 'London', 'countrySecondarySubdivision': 'London', 'countrySubdivision': 'ENG', 'countrySubdivisionName': 'England', 'postalCode': 'NW8', 'extendedPostalCode': 'NW8 7ER', 'countryCode': 'GB', 'country': 'United Kingdom', 'countryCodeISO3': 'GBR', 'freeformAddress': '15-17 Lodge Road, Saint Johns Wood, London, NW8 7ER', 'localName': 'London'}","{'lat': 51.52875, 'lon': -0.16857000000000003}","{'topLeftPoint': {'lat': 51.52965, 'lon': -0.17002}, 'btmRightPoint': {'lat': 51.52785, 'lon': -0.16712000000000002}}"
826009029434229,2.5685031414,"{'name': 'MedicSpot Clinic Islington', 'phone': '+44 20 3937 9886', 'categorySet': [{'id': 7321}], 'categories': ['hospital/polyclinic'], 'classifications': [{'code': 'HOSPITAL_POLYCLINIC', 'names': [{'nameLocale': 'en-US', 'name': 'hospital/polyclinic'}]}]}","{'streetNumber': '243', 'streetName': 'Upper Street', 'municipalitySubdivision': 'Barnsbury', 'municipality': 'London', 'countrySecondarySubdivision': 'London', 'countrySubdivision': 'ENG', 'countrySubdivisionName': 'England', 'postalCode': 'N1', 'extendedPostalCode': 'N1 1RU', 'countryCode': 'GB', 'country': 'United Kingdom', 'countryCodeISO3': 'GBR', 'freeformAddress': '243 Upper Street, Barnsbury, London, N1 1RU', 'localName': 'London'}","{'lat': 51.54511, 'lon': -0.10349000000000001}","{'topLeftPoint': {'lat': 51.54601, 'lon': -0.10494}, 'btmRightPoint': {'lat': 51.54421, 'lon': -0.10204}}"
826009029390745,2.5684537888,"{'name': 'The London Dental Hospital', 'phone': '+44 20 7767 3203', 'categorySet': [{'id': 7321003}], 'url': 'www.bartsandthelondon.nhs.uk', 'categories': ['hospital/polyclinic', 'special'], 'classifications': [{'code': 'HOSPITAL_POLYCLINIC', 'names': [{'nameLocale': 'en-US', 'name': 'hospital/polyclinic'}, {'nameLocale': 'en-US', 'name': 'special'}]}]}","{'streetName': 'Cavell Street', 'municipalitySubdivision': 'Whitechapel', 'municipality': 'London', 'countrySecondarySubdivision': 'London', 'countrySubdivision': 'ENG', 'countrySubdivisionName': 'England', 'postalCode': 'E1', 'extendedPostalCode': 'E1 8BG', 'countryCode': 'GB', 'country': 'United Kingdom', 'countryCodeISO3': 'GBR', 'freeformAddress': 'Cavell Street, Whitechapel, London, E1 8BG', 'localName': 'London'}","{'lat': 51.51902, 'lon': -0.05813000000000001}","{'topLeftPoint': {'lat': 51.51992, 'lon': -0.05958000000000001}, 'btmRightPoint': {'lat': 51.51812, 'lon': -0.05668}}"
826009029343397,2.5680410862,"{'name': 'Bromley Emergency Courses', 'phone': '+44 20 7998 8588', 'categorySet': [{'id': 7321002}], 'url': 'www.bromleyemergency.com', 'categories': ['general', 'hospital/polyclinic'], 'classifications': [{'code': 'HOSPITAL_POLYCLINIC', 'names': [{'nameLocale': 'en-US', 'name': 'general'}, {'nameLocale': 'en-US', 'name': 'hospital/polyclinic'}]}]}","{'streetName': 'Lower Road', 'municipalitySubdivision': 'South Bermondsey', 'municipality': 'London', 'countrySecondarySubdivision': 'London', 'countrySubdivision': 'ENG', 'countrySubdivisionName': 'England', 'postalCode': 'SE16', 'extendedPostalCode': 'SE16 2XB', 'countryCode': 'GB', 'country': 'United Kingdom', 'countryCodeISO3': 'GBR', 'freeformAddress': 'Lower Road, South Bermondsey, London, SE16 2XB', 'localName': 'London'}","{'lat': 51.49865, 'lon': -0.054560000000000004}","{'topLeftPoint': {'lat': 51.49955, 'lon': -0.056}, 'btmRightPoint': {'lat': 51.49775, 'lon': -0.05312000000000001}}"
826009008970693,2.5678775311,"{'name': 'Wellington Hospital', 'phone': '+44 20 3627 8545', 'categorySet': [{'id': 7321002}], 'url': 'www.thewellingtonhospital.com/', 'categories': ['general', 'hospital/polyclinic'], 'classifications': [{'code': 'HOSPITAL_POLYCLINIC', 'names': [{'nameLocale': 'en-US', 'name': 'general'}, {'nameLocale': 'en-US', 'name': 'hospital/polyclinic'}]}]}","{'streetName': 'Wellington Place', 'municipalitySubdivision': 'Saint Johns Wood', 'municipality': 'London', 'countrySecondarySubdivision': 'London', 'countrySubdivision': 'ENG', 'countrySubdivisionName': 'England', 'postalCode': 'NW8', 'extendedPostalCode': 'NW8 7PB', 'countryCode': 'GB', 'country': 'United Kingdom', 'countryCodeISO3': 'GBR', 'freeformAddress': 'Wellington Place, Saint Johns Wood, London, NW8 7PB', 'localName': 'London'}","{'lat': 51.53148, 'lon': -0.17113}","{'topLeftPoint': {'lat': 51.53238, 'lon': -0.17258}, 'btmRightPoint': {'lat': 51.53058, 'lon': -0.16968000000000003}}"
826009003165112,2.5677924156,"{'name': 'Lambeth Hospital', 'phone': '+44 20 3228 6000', 'categorySet': [{'id': 7321002}], 'url': 'www.slam.nhs.uk/our-services/hospital-care/lambeth-hospital', 'categories': ['general', 'hospital/polyclinic'], 'classifications': [{'code': 'HOSPITAL_POLYCLINIC', 'names': [{'nameLocale': 'en-US', 'name': 'general'}, {'nameLocale': 'en-US', 'name': 'hospital/polyclinic'}]}]}","{'streetNumber': '108', 'streetName': 'Landor Road', 'municipalitySubdivision': 'Brixton', 'municipality': 'London', 'countrySecondarySubdivision': 'London', 'countrySubdivision': 'ENG', 'countrySubdivisionName': 'England', 'postalCode': 'SW9', 'extendedPostalCode': 'SW9 9NU', 'countryCode': 'GB', 'country': 'United Kingdom', 'countryCodeISO3': 'GBR', 'freeformAddress': '108 Landor Road, Brixton, London, SW9 9NU', 'localName': 'London'}","{'lat': 51.46608, 'lon': -0.12305}","{'topLeftPoint': {'lat': 51.46698, 'lon': -0.12449}, 'btmRightPoint': {'lat': 51.46518, 'lon': -0.12161000000000001}}"
826009002985654,2.5675785542,"{'name': 'Maudsley Hospital', 'phone': '+44 20 3228 6000', 'categorySet': [{'id': 7321002}], 'url': 'www.slam.nhs.uk/our-services/hospital-care/maudsley-hospital', 'categories': ['general', 'hospital/polyclinic'], 'classifications': [{'code': 'HOSPITAL_POLYCLINIC', 'names': [{'nameLocale': 'en-US', 'name': 'general'}, {'nameLocale': 'en-US', 'name': 'hospital/polyclinic'}]}]}","{'streetName': 'Denmark Hill', 'municipalitySubdivision': 'Camberwell', 'municipality': 'London', 'countrySecondarySubdivision': 'London', 'countrySubdivision': 'ENG', 'countrySubdivisionName': 'England', 'postalCode': 'SE5', 'extendedPostalCode': 'SE5 8AZ', 'countryCode': 'GB', 'country': 'United Kingdom', 'countryCodeISO3': 'GBR', 'freeformAddress': 'Denmark Hill, Camberwell, London, SE5 8AZ', 'localName': 'London'}","{'lat': 51.46874, 'lon': -0.09143000000000001}","{'topLeftPoint': {'lat': 51.47035, 'lon': -0.09271}, 'btmRightPoint': {'lat': 51.46824, 'lon': -0.08936000000000001}}"
826009013261573,2.5675182343,"{'name': ""King's College Hospital"", 'phone': '+44 20 3299 9000', 'categorySet': [{'id': 7321002}], 'url': 'www.kch.nhs.uk', 'categories': ['general', 'hospital/polyclinic'], 'classifications': [{'code': 'HOSPITAL_POLYCLINIC', 'names': [{'nameLocale': 'en-US', 'name': 'general'}, {'nameLocale': 'en-US', 'name': 'hospital/polyclinic'}]}]}","{'streetName': 'Denmark Hill', 'municipalitySubdivision': 'Camberwell', 'municipality': 'London', 'countrySecondarySubdivision': 'London', 'countrySubdivision': 'ENG', 'countrySubdivisionName': 'England', 'postalCode': 'SE5', 'extendedPostalCode': 'SE5 8AZ', 'countryCode': 'GB', 'country': 'United Kingdom', 'countryCodeISO3': 'GBR', 'freeformAddress': 'Denmark Hill, Camberwell, London, SE5 8AZ', 'localName': 'London'}","{'lat': 51.4682, 'lon': -0.09274}","{'topLeftPoint': {'lat': 51.46921, 'lon': -0.09596}, 'btmRightPoint': {'lat': 51.46673, 'lon': -0.09126000000000001}}"
826009029000573,2.5674145222,"{'name': 'Bethnal Green & Globe Town Community Mental Health Team', 'phone': '+44 20 3487 1400', 'categorySet': [{'id': 7321003}], 'url': 'www.elft.nhs.uk', 'categories': ['hospital/polyclinic', 'special'], 'classifications': [{'code': 'HOSPITAL_POLYCLINIC', 'names': [{'nameLocale': 'en-US', 'name': 'hospital/polyclinic'}, {'nameLocale': 'en-US', 'name': 'special'}]}]}","{'streetNumber': '51', 'streetName': 'Three Colts Lane', 'municipalitySubdivision': 'Bethnal Green', 'municipality': 'London', 'countrySecondarySubdivision': 'London', 'countrySubdivision': 'ENG', 'countrySubdivisionName': 'England', 'postalCode': 'E2', 'extendedPostalCode': 'E2 6FJ', 'countryCode': 'GB', 'country': 'United Kingdom', 'countryCodeISO3': 'GBR', 'freeformAddress': '51 Three Colts Lane, Bethnal Green, London, E2 6FJ', 'localName': 'London'}","{'lat': 51.5248, 'lon': -0.056130000000000006}","{'topLeftPoint': {'lat': 51.5257, 'lon': -0.057580000000000006}, 'btmRightPoint': {'lat': 51.5239, 'lon': -0.054680000000000006}}"
826009029396469,2.5672190189,"{'name': 'Wellington Hospital', 'phone': '+44 20 3393 0906', 'categorySet': [{'id': 7321002}], 'url': 'www.hcahealthcare.co.uk', 'categories': ['general', 'hospital/polyclinic'], 'classifications': [{'code': 'HOSPITAL_POLYCLINIC', 'names': [{'nameLocale': 'en-US', 'name': 'general'}, {'nameLocale': 'en-US', 'name': 'hospital/polyclinic'}]}]}","{'streetName': 'Circus Road', 'municipalitySubdivision': 'Saint Johns Wood', 'municipality': 'London', 'countrySecondarySubdivision': 'London', 'countrySubdivision': 'ENG', 'countrySubdivisionName': 'England', 'postalCode': 'NW8', 'extendedPostalCode': 'NW8 6PB', 'countryCode': 'GB', 'country': 'United Kingdom', 'countryCodeISO3': 'GBR', 'freeformAddress': 'Circus Road, Saint Johns Wood, London, NW8 6PB', 'localName': 'London'}","{'lat': 51.53375, 'lon': -0.17239000000000002}","{'topLeftPoint': {'lat': 51.53465, 'lon': -0.17384000000000002}, 'btmRightPoint': {'lat': 51.53285, 'lon': -0.17094}}"
826009029163402,2.56711483,"{'name': 'Butterworth Centre', 'phone': '+44 20 7055 1665', 'categorySet': [{'id': 7321002}], 'url': 'www.sanctuary-care.co.uk', 'categories': ['general', 'hospital/polyclinic'], 'classifications': [{'code': 'HOSPITAL_POLYCLINIC', 'names': [{'nameLocale': 'en-US', 'name': 'general'}, {'nameLocale': 'en-US', 'name': 'hospital/polyclinic'}]}]}","{'streetNumber': '48', 'streetName': 'Circus Road', 'municipalitySubdivision': 'Saint Johns Wood', 'municipality': 'London', 'countrySecondarySubdivision': 'London', 'countrySubdivision': 'ENG', 'countrySubdivisionName': 'England', 'postalCode': 'NW8', 'extendedPostalCode': 'NW8 9SE', 'countryCode': 'GB', 'country': 'United Kingdom', 'countryCodeISO3': 'GBR', 'freeformAddress': '48 Circus Road, Saint Johns Wood, London, NW8 9SE', 'localName': 'London'}","{'lat': 51.5323, 'lon': -0.17475000000000002}","{'topLeftPoint': {'lat': 51.5332, 'lon': -0.1762}, 'btmRightPoint': {'lat': 51.5314, 'lon': -0.1733}}"
826009012080798,2.5668549538,"{'name': 'Hospital of Saint John & Saint Elizabeth', 'categorySet': [{'id': 7321002}], 'url': 'www.hje.org.uk', 'categories': ['general', 'hospital/polyclinic'], 'classifications': [{'code': 'HOSPITAL_POLYCLINIC', 'names': [{'nameLocale': 'en-US', 'name': 'general'}, {'nameLocale': 'en-US', 'name': 'hospital/polyclinic'}]}]}","{'streetNumber': '60', 'streetName': 'Grove End Road', 'municipalitySubdivision': 'Saint Johns Wood', 'municipality': 'London', 'countrySecondarySubdivision': 'London', 'countrySubdivision': 'ENG', 'countrySubdivisionName': 'England', 'postalCode': 'NW8', 'extendedPostalCode': 'NW8 9NB', 'countryCode': 'GB', 'country': 'United Kingdom', 'countryCodeISO3': 'GBR', 'freeformAddress': '60 Grove End Road, Saint Johns Wood, London, NW8 9NB', 'localName': 'London'}","{'lat': 51.53326, 'lon': -0.17514000000000002}","{'topLeftPoint': {'lat': 51.53402, 'lon': -0.17589000000000002}, 'btmRightPoint': {'lat': 51.53262, 'lon': -0.17363}}"
826009029025007,2.5667562485,"{'name': 'Ghosh Breast Clinic', 'phone': '+44 20 7205 2281', 'categorySet': [{'id': 7321002}], 'url': 'www.dbghosh.com', 'categories': ['general', 'hospital/polyclinic'], 'classifications': [{'code': 'HOSPITAL_POLYCLINIC', 'names': [{'nameLocale': 'en-US', 'name': 'general'}, {'nameLocale': 'en-US', 'name': 'hospital/polyclinic'}]}]}","{'streetNumber': '60', 'streetName': 'Grove End Road', 'municipalitySubdivision': 'Saint Johns Wood', 'municipality': 'London', 'countrySecondarySubdivision': 'London', 'countrySubdivision': 'ENG', 'countrySubdivisionName': 'England', 'postalCode': 'NW8', 'extendedPostalCode': 'NW8 9NH', 'countryCode': 'GB', 'country': 'United Kingdom', 'countryCodeISO3': 'GBR', 'freeformAddress': '60 Grove End Road, Saint Johns Wood, London, NW8 9NH', 'localName': 'London'}","{'lat': 51.53347, 'lon': -0.17546}","{'topLeftPoint': {'lat': 51.53437, 'lon': -0.17691}, 'btmRightPoint': {'lat': 51.53257, 'lon': -0.17401000000000003}}"
826009028928581,2.566681385,"{'name': 'Battersea Bridge House', 'phone': '+44 20 7924 7991', 'categorySet': [{'id': 7321002}], 'url': 'www.inmind.co.uk', 'categories': ['general', 'hospital/polyclinic'], 'classifications': [{'code': 'HOSPITAL_POLYCLINIC', 'names': [{'nameLocale': 'en-US', 'name': 'general'}, {'nameLocale': 'en-US', 'name': 'hospital/polyclinic'}]}]}","{'streetNumber': '1', 'streetName': 'Randall Close', 'municipalitySubdivision': 'Battersea', 'municipality': 'London', 'countrySecondarySubdivision': 'London', 'countrySubdivision': 'ENG', 'countrySubdivisionName': 'England', 'postalCode': 'SW11', 'extendedPostalCode': 'SW11 3TG', 'countryCode': 'GB', 'country': 'United Kingdom', 'countryCodeISO3': 'GBR', 'freeformAddress': '1 Randall Close, Battersea, London, SW11 3TG', 'localName': 'London'}","{'lat': 51.47675, 'lon': -0.17029000000000002}","{'topLeftPoint': {'lat': 51.47765, 'lon': -0.17173000000000002}, 'btmRightPoint': {'lat': 51.47585, 'lon': -0.16885}}"
826009029281215,2.5665340424,"{'name': 'South Kensington & Chelsea Mental Health Hospital', 'phone': '+44 20 3315 6868', 'categorySet': [{'id': 7321003}], 'url': 'www.cnwl.nhs.uk', 'categories': ['hospital/polyclinic', 'special'], 'classifications': [{'code': 'HOSPITAL_POLYCLINIC', 'names': [{'nameLocale': 'en-US', 'name': 'hospital/polyclinic'}, {'nameLocale': 'en-US', 'name': 'special'}]}]}","{'streetName': 'Nightingale Place', 'municipalitySubdivision': 'West Brompton', 'municipality': 'London', 'countrySecondarySubdivision': 'London', 'countrySubdivision': 'ENG', 'countrySubdivisionName': 'England', 'postalCode': 'SW10', 'extendedPostalCode': 'SW10 9NG', 'countryCode': 'GB', 'country': 'United Kingdom', 'countryCodeISO3': 'GBR', 'freeformAddress': 'Nightingale Place, West Brompton, London, SW10 9NG', 'localName': 'London'}","{'lat': 51.48432, 'lon': -0.18025000000000002}","{'topLeftPoint': {'lat': 51.48522, 'lon': -0.18169000000000002}, 'btmRightPoint': {'lat': 51.48342, 'lon': -0.17881000000000002}}"
826009013249648,2.566375494,"{'name': 'Chelsea & Westminster Hospital', 'phone': '+44 20 3315 8000', 'categorySet': [{'id': 7321002}], 'url': 'www.chelwest.nhs.uk', 'categories': ['general', 'hospital/polyclinic'], 'classifications': [{'code': 'HOSPITAL_POLYCLINIC', 'names': [{'nameLocale': 'en-US', 'name': 'general'}, {'nameLocale': 'en-US', 'name': 'hospital/polyclinic'}]}]}","{'streetNumber': '369', 'streetName': 'Fulham Road', 'municipalitySubdivision': 'West Brompton', 'municipality': 'London', 'countrySecondarySubdivision': 'London', 'countrySubdivision': 'ENG', 'countrySubdivisionName': 'England', 'postalCode': 'SW10', 'extendedPostalCode': 'SW10 9TN', 'countryCode': 'GB', 'country': 'United Kingdom', 'countryCodeISO3': 'GBR', 'freeformAddress': '369 Fulham Road, West Brompton, London, SW10 9TN', 'localName': 'London'}","{'lat': 51.48519, 'lon': -0.18188000000000001}","{'topLeftPoint': {'lat': 51.48575, 'lon': -0.18336000000000002}, 'btmRightPoint': {'lat': 51.48347, 'lon': -0.17947000000000002}}"
826009028838366,2.5662670135,"{'name': 'Cheyne Child Development Service', 'phone': '+44 20 3315 6488', 'categorySet': [{'id': 7321002}], 'url': 'www.chelwest.nhs.uk', 'categories': ['general', 'hospital/polyclinic'], 'classifications': [{'code': 'HOSPITAL_POLYCLINIC', 'names': [{'nameLocale': 'en-US', 'name': 'general'}, {'nameLocale': 'en-US', 'name': 'hospital/polyclinic'}]}]}","{'streetNumber': '369', 'streetName': 'Fulham Road', 'municipalitySubdivision': 'West Brompton', 'municipality': 'London', 'countrySecondarySubdivision': 'London', 'countrySubdivision': 'ENG', 'countrySubdivisionName': 'England', 'postalCode': 'SW10', 'extendedPostalCode': 'SW10 9TR', 'countryCode': 'GB', 'country': 'United Kingdom', 'countryCodeISO3': 'GBR', 'freeformAddress': '369 Fulham Road, West Brompton, London, SW10 9TR', 'localName': 'London'}","{'lat': 51.48431, 'lon': -0.18164000000000002}","{'topLeftPoint': {'lat': 51.48521, 'lon': -0.18308000000000002}, 'btmRightPoint': {'lat': 51.48341, 'lon': -0.1802}}"
826008000054721,2.5660495758,"{'name': 'London Allergy & Immunology Centre', 'phone': '+44 20 3143 3449', 'categorySet': [{'id': 7321003}], 'url': 'www.allergycliniclondon.co.uk', 'categories': ['hospital/polyclinic', 'special'], 'classifications': [{'code': 'HOSPITAL_POLYCLINIC', 'names': [{'nameLocale': 'en-US', 'name': 'hospital/polyclinic'}, {'nameLocale': 'en-US', 'name': 'special'}]}]}","{'streetNumber': '1', 'streetName': 'Beaumont Square', 'municipalitySubdivision': 'Mile End', 'municipality': 'London', 'countrySecondarySubdivision': 'London', 'countrySubdivision': 'ENG', 'countrySubdivisionName': 'England', 'postalCode': 'E1', 'extendedPostalCode': 'E1 4NL', 'countryCode': 'GB', 'country': 'United Kingdom', 'countryCodeISO3': 'GBR', 'freeformAddress': '1 Beaumont Square, Mile End, London, E1 4NL', 'localName': 'London'}","{'lat': 51.5205, 'lon': -0.046810000000000004}","{'topLeftPoint': {'lat': 51.5214, 'lon': -0.048260000000000004}, 'btmRightPoint': {'lat': 51.5196, 'lon': -0.045360000000000004}}"
826001000181129,2.5660352707,"{'name': 'BMI the London Independent Hospital', 'phone': '+44 20 7780 2400', 'categorySet': [{'id': 7321002}], 'url': 'www.bmihealthcare.co.uk', 'categories': ['general', 'hospital/polyclinic'], 'classifications': [{'code': 'HOSPITAL_POLYCLINIC', 'names': [{'nameLocale': 'en-US', 'name': 'general'}, {'nameLocale': 'en-US', 'name': 'hospital/polyclinic'}]}]}","{'streetNumber': '1', 'streetName': 'Beaumont Square', 'municipalitySubdivision': 'Mile End', 'municipality': 'London', 'countrySecondarySubdivision': 'London', 'countrySubdivision': 'ENG', 'countrySubdivisionName': 'England', 'postalCode': 'E1', 'extendedPostalCode': 'E1 4NL', 'countryCode': 'GB', 'country': 'United Kingdom', 'countryCodeISO3': 'GBR', 'freeformAddress': '1 Beaumont Square, Mile End, London, E1 4NL', 'localName': 'London'}","{'lat': 51.52047, 'lon': -0.04673}","{'topLeftPoint': {'lat': 51.52137, 'lon': -0.04818}, 'btmRightPoint': {'lat': 51.51957, 'lon': -0.04528}}"
826009029374299,2.5658605099000003,"{'name': 'The Doctors Laboratory', 'phone': '+44 20 7460 5565', 'categorySet': [{'id': 7321002}], 'categories': ['general', 'hospital/polyclinic'], 'classifications': [{'code': 'HOSPITAL_POLYCLINIC', 'names': [{'nameLocale': 'en-US', 'name': 'general'}, {'nameLocale': 'en-US', 'name': 'hospital/polyclinic'}]}]}","{'streetNumber': '2a', 'streetName': 'Pennant Mews', 'municipalitySubdivision': 'Kensington', 'municipality': 'London', 'countrySecondarySubdivision': 'London', 'countrySubdivision': 'ENG', 'countrySubdivisionName': 'England', 'postalCode': 'W8', 'extendedPostalCode': 'W8 5JN', 'countryCode': 'GB', 'country': 'United Kingdom', 'countryCodeISO3': 'GBR', 'freeformAddress': '2a Pennant Mews, Kensington, London, W8 5JN', 'localName': 'London'}","{'lat': 51.49551, 'lon': -0.19094000000000003}","{'topLeftPoint': {'lat': 51.49641, 'lon': -0.19238000000000002}, 'btmRightPoint': {'lat': 51.49461, 'lon': -0.1895}}"
826009029261373,2.5658154488,"{'name': 'Collingham Child & Family Centre', 'phone': '+44 20 7361 7940', 'categorySet': [{'id': 7321002}], 'url': 'www.cnwl.nhs.uk', 'categories': ['general', 'hospital/polyclinic'], 'classifications': [{'code': 'HOSPITAL_POLYCLINIC', 'names': [{'nameLocale': 'en-US', 'name': 'general'}, {'nameLocale': 'en-US', 'name': 'hospital/polyclinic'}]}]}","{'streetNumber': '1', 'streetName': 'Beatrice Place', 'municipalitySubdivision': 'Kensington', 'municipality': 'London', 'countrySecondarySubdivision': 'London', 'countrySubdivision': 'ENG', 'countrySubdivisionName': 'England', 'postalCode': 'W8', 'extendedPostalCode': 'W8 5LP', 'countryCode': 'GB', 'country': 'United Kingdom', 'countryCodeISO3': 'GBR', 'freeformAddress': '1 Beatrice Place, Kensington, London, W8 5LP', 'localName': 'London'}","{'lat': 51.49667, 'lon': -0.19160000000000002}","{'topLeftPoint': {'lat': 51.49757, 'lon': -0.19304000000000002}, 'btmRightPoint': {'lat': 51.49577, 'lon': -0.19016000000000002}}"
826009006319047,2.5657186508,"{'name': 'BUPA Cromwell Hospital', 'phone': '+44 20 7460 2000', 'categorySet': [{'id': 7321003}], 'url': 'www.bupacromwellhospital.com', 'categories': ['hospital/polyclinic', 'special'], 'classifications': [{'code': 'HOSPITAL_POLYCLINIC', 'names': [{'nameLocale': 'en-US', 'name': 'hospital/polyclinic'}, {'nameLocale': 'en-US', 'name': 'special'}]}]}","{'streetNumber': '162-174', 'streetName': 'Cromwell Road', 'municipalitySubdivision': 'Kensington', 'municipality': 'London', 'countrySecondarySubdivision': 'London', 'countrySubdivision': 'ENG', 'countrySubdivisionName': 'England', 'postalCode': 'SW5', 'extendedPostalCode': 'SW5 0TU', 'countryCode': 'GB', 'country': 'United Kingdom', 'countryCodeISO3': 'GBR', 'freeformAddress': '162-174 Cromwell Road, Kensington, London, SW5 0TU', 'localName': 'London'}","{'lat': 51.49508, 'lon': -0.19140000000000001}","{'topLeftPoint': {'lat': 51.49544, 'lon': -0.19221000000000002}, 'btmRightPoint': {'lat': 51.49476, 'lon': -0.18987}}"
826009005954929,2.5648097992,"{'name': 'The London Chest Hospital', 'phone': '+44 20 7377 7000', 'categorySet': [{'id': 7321003}], 'url': 'www.bartsandthelondon.org.uk', 'categories': ['hospital/polyclinic', 'special'], 'classifications': [{'code': 'HOSPITAL_POLYCLINIC', 'names': [{'nameLocale': 'en-US', 'name': 'hospital/polyclinic'}, {'nameLocale': 'en-US', 'name': 'special'}]}]}","{'streetName': 'Bonner Road', 'municipalitySubdivision': 'Bethnal Green', 'municipality': 'London', 'countrySecondarySubdivision': 'London', 'countrySubdivision': 'ENG', 'countrySubdivisionName': 'England', 'postalCode': 'E2', 'extendedPostalCode': 'E2 9AT', 'countryCode': 'GB', 'country': 'United Kingdom', 'countryCodeISO3': 'GBR', 'freeformAddress': 'Bonner Road, Bethnal Green, London, E2 9AT', 'localName': 'London'}","{'lat': 51.53223, 'lon': -0.049240000000000006}","{'topLeftPoint': {'lat': 51.53313, 'lon': -0.050690000000000006}, 'btmRightPoint': {'lat': 51.53133, 'lon': -0.047790000000000006}}"
826007000002579,2.5646426678000003,"{'name': 'The Tower Hamlets Centre for Mental Health', 'phone': '+44 20 8121 5048', 'categorySet': [{'id': 7321003}], 'url': 'www.eastlondon.nhs.uk/', 'categories': ['hospital/polyclinic', 'special'], 'classifications': [{'code': 'HOSPITAL_POLYCLINIC', 'names': [{'nameLocale': 'en-US', 'name': 'hospital/polyclinic'}, {'nameLocale': 'en-US', 'name': 'special'}]}]}","{'streetName': 'Bancroft Road', 'municipalitySubdivision': 'Mile End', 'municipality': 'London', 'countrySecondarySubdivision': 'London', 'countrySubdivision': 'ENG', 'countrySubdivisionName': 'England', 'postalCode': 'E1', 'extendedPostalCode': 'E1 4DF', 'countryCode': 'GB', 'country': 'United Kingdom', 'countryCodeISO3': 'GBR', 'freeformAddress': 'Bancroft Road, Mile End, London, E1 4DF', 'localName': 'London'}","{'lat': 51.52451, 'lon': -0.04263}","{'topLeftPoint': {'lat': 51.52541, 'lon': -0.04408}, 'btmRightPoint': {'lat': 51.52361, 'lon': -0.04118}}"
826009003135319,2.5646426678000003,"{'name': 'Mile End Hospital', 'phone': '+44 20 3416 5000', 'categorySet': [{'id': 7321002}], 'url': 'www.bartshealth.nhs.uk', 'categories': ['general', 'hospital/polyclinic'], 'classifications': [{'code': 'HOSPITAL_POLYCLINIC', 'names': [{'nameLocale': 'en-US', 'name': 'general'}, {'nameLocale': 'en-US', 'name': 'hospital/polyclinic'}]}]}","{'streetName': 'Bancroft Road', 'municipalitySubdivision': 'Mile End', 'municipality': 'London', 'countrySecondarySubdivision': 'London', 'countrySubdivision': 'ENG', 'countrySubdivisionName': 'England', 'postalCode': 'E1', 'extendedPostalCode': 'E1 4DF', 'countryCode': 'GB', 'country': 'United Kingdom', 'countryCodeISO3': 'GBR', 'freeformAddress': 'Bancroft Road, Mile End, London, E1 4DF', 'localName': 'London'}","{'lat': 51.52451, 'lon': -0.04263}","{'topLeftPoint': {'lat': 51.52541, 'lon': -0.04408}, 'btmRightPoint': {'lat': 51.52361, 'lon': -0.04118}}"
826009029034295,2.564163208,"{'name': 'Medicspot Clinic Abbey Road', 'phone': '+44 20 3958 0449', 'categorySet': [{'id': 7321}], 'categories': ['hospital/polyclinic'], 'classifications': [{'code': 'HOSPITAL_POLYCLINIC', 'names': [{'nameLocale': 'en-US', 'name': 'hospital/polyclinic'}]}]}","{'streetNumber': '79', 'streetName': 'Abbey Road', 'municipalitySubdivision': 'Saint Johns Wood', 'municipality': 'London', 'countrySecondarySubdivision': 'London', 'countrySubdivision': 'ENG', 'countrySubdivisionName': 'England', 'postalCode': 'NW8', 'extendedPostalCode': 'NW8 0AE', 'countryCode': 'GB', 'country': 'United Kingdom', 'countryCodeISO3': 'GBR', 'freeformAddress': '79 Abbey Road, Saint Johns Wood, London, NW8 0AE', 'localName': 'London'}","{'lat': 51.53754, 'lon': -0.1845}","{'topLeftPoint': {'lat': 51.53844, 'lon': -0.18595}, 'btmRightPoint': {'lat': 51.53664, 'lon': -0.18305000000000002}}"
826009028846062,2.5636777878,"{'name': 'Healthcall UK', 'phone': '+44 20 8694 6661', 'categorySet': [{'id': 7321002}], 'categories': ['general', 'hospital/polyclinic'], 'classifications': [{'code': 'HOSPITAL_POLYCLINIC', 'names': [{'nameLocale': 'en-US', 'name': 'general'}, {'nameLocale': 'en-US', 'name': 'hospital/polyclinic'}]}]}","{'streetName': 'Rainsborough Avenue', 'municipalitySubdivision': 'Deptford', 'municipality': 'London', 'countrySecondarySubdivision': 'London', 'countrySubdivision': 'ENG', 'countrySubdivisionName': 'England', 'postalCode': 'SE8', 'extendedPostalCode': 'SE8 5RY', 'countryCode': 'GB', 'country': 'United Kingdom', 'countryCodeISO3': 'GBR', 'freeformAddress': 'Rainsborough Avenue, Deptford, London, SE8 5RY', 'localName': 'London'}","{'lat': 51.48941, 'lon': -0.038810000000000004}","{'topLeftPoint': {'lat': 51.49031, 'lon': -0.04025}, 'btmRightPoint': {'lat': 51.48851, 'lon': -0.03737}}"
826009029386325,2.5635099411,"{'name': 'Central & North West London National Health Service Foundation Trust', 'phone': '+44 20 7266 9500', 'categorySet': [{'id': 7321002}], 'url': 'www.cnwl.nhs.uk', 'categories': ['general', 'hospital/polyclinic'], 'classifications': [{'code': 'HOSPITAL_POLYCLINIC', 'names': [{'nameLocale': 'en-US', 'name': 'general'}, {'nameLocale': 'en-US', 'name': 'hospital/polyclinic'}]}]}","{'streetName': 'Woodfield Road', 'municipalitySubdivision': 'Warwick Avenue', 'municipality': 'London', 'countrySecondarySubdivision': 'London', 'countrySubdivision': 'ENG', 'countrySubdivisionName': 'England', 'postalCode': 'W9', 'extendedPostalCode': 'W9 2EF', 'countryCode': 'GB', 'country': 'United Kingdom', 'countryCodeISO3': 'GBR', 'freeformAddress': 'Woodfield Road, Warwick Avenue, London, W9 2EF', 'localName': 'London'}","{'lat': 51.5225, 'lon': -0.19942000000000001}","{'topLeftPoint': {'lat': 51.5234, 'lon': -0.20087000000000002}, 'btmRightPoint': {'lat': 51.5216, 'lon': -0.19797}}"
826009003177230,2.5633265972,"{'name': 'Dulwich Community Hospital', 'phone': '+44 20 3049 8800', 'categorySet': [{'id': 7321002}], 'url': 'www.nhs.uk/', 'categories': ['general', 'hospital/polyclinic'], 'classifications': [{'code': 'HOSPITAL_POLYCLINIC', 'names': [{'nameLocale': 'en-US', 'name': 'general'}, {'nameLocale': 'en-US', 'name': 'hospital/polyclinic'}]}]}","{'streetName': 'East Dulwich Grove', 'municipalitySubdivision': 'East Dulwich', 'municipality': 'London', 'countrySecondarySubdivision': 'London', 'countrySubdivision': 'ENG', 'countrySubdivisionName': 'England', 'postalCode': 'SE22', 'extendedPostalCode': 'SE22 8PT', 'countryCode': 'GB', 'country': 'United Kingdom', 'countryCodeISO3': 'GBR', 'freeformAddress': 'East Dulwich Grove, East Dulwich, London, SE22 8PT', 'localName': 'London'}","{'lat': 51.45908, 'lon': -0.08122}","{'topLeftPoint': {'lat': 51.45998, 'lon': -0.08266000000000001}, 'btmRightPoint': {'lat': 51.45818, 'lon': -0.07978}}"
